{"type":"FeatureCollection","features":[{"type":"Feature","properties":{"imageId":"https://iiif.ghentcdh.ugent.be/iiif/images/primitief_kadaster:550_0001_000_02553_000:550_0001_000_02553_000_0_0001","manifestUrl":"https://iiif.ghentcdh.ugent.be/iiif/manifests/primitief_kadaster:550_0001_000_02553_000"},"geometry":{"type":"Polygon","coordinates":[[[4.39016071842189,51.2210134427872],[4.39050230523808,51.2214900067243],[4.39074408076583,51.2214440781771],[4.39159097812405,51.2229273341149],[4.39140901928522,51.223009284241],[4.39120885789521,51.223079872119],[4.39104539233364,51.2231272812229],[4.39100319674375,51.2231944284326],[4.39105365050361,51.2232660818307],[4.3911981576262,51.2233266589812],[4.39131948574309,51.2233372164329],[4.39142764590852,51.2233658884332],[4.39157923124116,51.22333937275],[4.39169294931325,51.2233148956606],[4.39181960275594,51.2233090266388],[4.39187140238356,51.223374278255],[4.39232496291538,51.2241017847242],[4.39290033378143,51.2251759099351],[4.39334277849993,51.2260097145836],[4.39345217677049,51.2262550993713],[4.39346359183769,51.2263076511829],[4.39343708149912,51.2263714222423],[4.39330615787231,51.226433219226],[4.39312794591067,51.2265418672767],[4.3930611091569,51.2265837578775],[4.39308130570101,51.2266924844104],[4.39324640785641,51.2265927702543],[4.39339418816665,51.2265487373006],[4.39355601713439,51.2265536332487],[4.3940030809083,51.2272764260112],[4.39443094513457,51.2279391743831],[4.39470177388417,51.2284584729585],[4.39494246170843,51.2289964833607],[4.39515581663332,51.2295220407178],[4.39530274182094,51.2300252240972],[4.39538422573996,51.2303499623803],[4.39542304037957,51.2306105398442],[4.39531581906539,51.2306397306404],[4.39523733466356,51.2306657920457],[4.39514983620396,51.2306724013459],[4.39508165358244,51.2307206937286],[4.39507749968875,51.2307582603823],[4.39516224826762,51.2307736352999],[4.39522077723401,51.2308068780067],[4.39533309129313,51.2307979833532],[4.39549889971891,51.2307928546098],[4.39551203510857,51.2313981804989],[4.395516720837,51.2314827412199],[4.39552041809678,51.2317233730597],[4.4011306298192,51.2315273620834],[4.40188241712361,51.2315397392977],[4.40309387873523,51.2315204075674],[4.40414058706276,51.2315457060688],[4.40364933758559,51.2266700890447],[4.40276898502478,51.2257288422144],[4.40178259963751,51.225247432883],[4.40113288275713,51.2251947493839],[4.40058119016972,51.2249162116844],[4.40026618036511,51.224571449295],[4.39984311815771,51.223974900336],[4.39980083031138,51.2232322151549],[4.39942803890039,51.2225301082949],[4.39911888625633,51.2222910468068],[4.39871498250696,51.2221732294149],[4.39882482035583,51.2217309091865],[4.39863896423817,51.2209855096513],[4.39865083593929,51.2207598629692],[4.39843210607119,51.220464666001],[4.39539990867319,51.220454165113],[4.39321981611936,51.2204864015149],[4.39028003549025,51.2205171294316],[4.39016071842189,51.2210134427872]]]}},{"type":"Feature","properties":{"imageId":"https://iiif.ghentcdh.ugent.be/iiif/images/primitief_kadaster:550_0001_000_02553_000:550_0001_000_02553_000_0_0002","manifestUrl":"https://iiif.ghentcdh.ugent.be/iiif/manifests/primitief_kadaster:550_0001_000_02553_000"},"geometry":{"type":"Polygon","coordinates":[[[4.37280082729306,51.2090822209163],[4.37407817761539,51.2096979155981],[4.37497693152873,51.2101070337588],[4.37593892342943,51.2105211599342],[4.37650660148402,51.2108125858604],[4.37726292806639,51.21115198348],[4.37779903692696,51.2114142296307],[4.37875043936343,51.211854196905],[4.37931720138273,51.2120985431762],[4.37986593097683,51.2123224044661],[4.38036843937411,51.2125680146036],[4.38089753839154,51.2128208123856],[4.38150133109619,51.2131265325065],[4.38182621354773,51.213335207563],[4.38219726739641,51.21354880954],[4.38242546079632,51.2136558132645],[4.3824384150483,51.213707657651],[4.38254670919882,51.2137772160032],[4.38273076247087,51.2138667490453],[4.38287676942293,51.2139011801187],[4.38302374220995,51.2139560150791],[4.38312700798693,51.2140302570685],[4.38311385453624,51.2140851157538],[4.3831564463123,51.2141253321418],[4.38322819269494,51.2141437185878],[4.38333663624448,51.2141332496361],[4.38394327665436,51.2145268571858],[4.38418094428451,51.2146676432284],[4.38436906009513,51.2147320887464],[4.3848282448005,51.2150606593922],[4.38538401895816,51.2155442529059],[4.38624707625997,51.2162529142063],[4.38663281683187,51.2166658714154],[4.38697601542739,51.2170119364686],[4.38709972821698,51.2171576731567],[4.38729020881534,51.2172998041599],[4.38746773516173,51.2173900907767],[4.38759309590247,51.2174597302233],[4.38759492797306,51.2175538895331],[4.38754952321218,51.2176760695715],[4.38804087926953,51.2185179138783],[4.38782892094464,51.2185875196804],[4.38808645307057,51.2188429500142],[4.38848394814037,51.2191437669397],[4.38862381148489,51.2192425050672],[4.38877784391474,51.2192801126284],[4.38896605932472,51.2192912066105],[4.38903084566388,51.2192734689198],[4.38907643454419,51.2193215454326],[4.38896895682962,51.2193524182713],[4.38902851559655,51.2194460672896],[4.38917287459745,51.2195565956045],[4.38863678537801,51.2198215929319],[4.38875580331251,51.2200622425044],[4.38884017042868,51.2200422440895],[4.3889724912129,51.2201480076729],[4.38903577899994,51.2201263399197],[4.38921876683767,51.2202488206108],[4.38933387163264,51.2204345304036],[4.38925336785634,51.2205361443661],[4.38956924391585,51.2209981986711],[4.38983984497238,51.2209751622324],[4.39047226412833,51.222079729337],[4.3931028792491,51.2213657002613],[4.39590925808648,51.2211483662027],[4.39602827602099,51.2213890157753],[4.39644919556652,51.2212419440461],[4.3967143351317,51.2211867135332],[4.39687044863051,51.2211851015643],[4.39744395185344,51.221045031566],[4.39795320145436,51.2209062254338],[4.39784137748244,51.2208452807812],[4.39765998779618,51.2206733786167],[4.39753937171019,51.2204821505176],[4.39745273940564,51.2203711119113],[4.39715058423437,51.2200880089515],[4.39694376896163,51.2198226199575],[4.39660349802956,51.218983847319],[4.39598589991658,51.2182755677658],[4.39498604125344,51.2171723930717],[4.39555916115824,51.216968769594],[4.39499547620142,51.2161516884335],[4.39443090992971,51.2155378114733],[4.39401593023114,51.214923076119],[4.39394331761288,51.2148309342501],[4.39347688914525,51.2143493344523],[4.39336618040732,51.2142287663828],[4.39298851511289,51.2137923098934],[4.39297421170781,51.2136565081406],[4.39267328644915,51.212983470605],[4.39286614691454,51.2129263274705],[4.39348906763724,51.2126656656776],[4.39394633575194,51.2126764689265],[4.39476166874295,51.2125987459108],[4.39480234392834,51.2123211949018],[4.39490617258101,51.2118250438206],[4.39477593286576,51.2116800607073],[4.39332636828936,51.2110863007868],[4.39320410425222,51.2109711699291],[4.39284793176359,51.2100460170113],[4.3920793828451,51.2095315981089],[4.39161681771734,51.2091316138588],[4.39132911535018,51.208904285348],[4.39060682234891,51.2086184014532],[4.39046749172155,51.2085031895011],[4.39001806040334,51.2075211030875],[4.38986669155929,51.2074011264039],[4.38875225030094,51.2071769308169],[4.38803886409235,51.2066910192095],[4.38752408355928,51.2062970635572],[4.38717707142356,51.2058427071883],[4.38692543390679,51.2056563486402],[4.38331803600089,51.205006044743],[4.38258327622699,51.2054827215064],[4.38042297394853,51.2045976404791],[4.38047268568449,51.2035127909757],[4.37901278064223,51.2028114933142],[4.37280082729306,51.2090822209163]]]}},{"type":"Feature","properties":{"imageId":"https://iiif.ghentcdh.ugent.be/iiif/images/primitief_kadaster:550_0001_000_02553_000:550_0001_000_02553_000_0_0003","manifestUrl":"https://iiif.ghentcdh.ugent.be/iiif/manifests/primitief_kadaster:550_0001_000_02553_000"},"geometry":{"type":"Polygon","coordinates":[[[4.39475347240789,51.2314264953645],[4.39479929128716,51.2306319123954],[4.39457648158292,51.2306225318226],[4.3943527396566,51.2305647218468],[4.39430433428791,51.2305446004008],[4.39439027521406,51.2304737078307],[4.39455180211984,51.2304743130401],[4.3946953731281,51.2304492137257],[4.39475141294902,51.2304123921175],[4.39469263129846,51.2303067743051],[4.39468818953443,51.2300760224437],[4.39468053374681,51.2299050787819],[4.39460099953248,51.2296284682366],[4.39451284380724,51.2293575225542],[4.3943843558583,51.2290323026788],[4.3941686444062,51.228484566524],[4.39395866946096,51.2280080664366],[4.39359702902711,51.2273629316944],[4.39322791865079,51.2267832863717],[4.39295852535126,51.2263948697269],[4.39278406617911,51.2264027618117],[4.3925934058804,51.2264761106019],[4.39247264989106,51.2265525698928],[4.39239220479003,51.2264554166605],[4.3926378081778,51.2262882704938],[4.39287665449882,51.2262236479959],[4.39289700187106,51.2261468124938],[4.39278215906419,51.2258501295736],[4.39254544220074,51.22534504346],[4.3916896368116,51.2237466304737],[4.39135583502782,51.2231870575259],[4.3911161661579,51.2232089481976],[4.39092424461756,51.2232167748544],[4.39071414783331,51.2231875018337],[4.39052969623543,51.223129839071],[4.39051937479014,51.223047191493],[4.39066190390313,51.2229679651988],[4.39090091473393,51.2229118890662],[4.39104857715127,51.2228725621668],[4.39113517611653,51.2228358550576],[4.39112889124373,51.2227361311061],[4.39089840441648,51.2223279201555],[4.39032494592862,51.2213373132359],[4.39006366844484,51.2213705172762],[4.38974013326975,51.220890743118],[4.38983889678908,51.2208056556769],[4.38977138395442,51.2207000051504],[4.38947570876479,51.2205336795028],[4.38936437549987,51.220419319041],[4.38920410983572,51.2204842359651],[4.38897439072078,51.2201159080522],[4.38927111997149,51.2198834360361],[4.38918754918467,51.2196239018644],[4.38873633644371,51.2193145643007],[4.38834110868708,51.2189655563403],[4.38856669372218,51.2188923384061],[4.38810997598655,51.2180702352851],[4.38809108786695,51.2179961013584],[4.38814204922011,51.2179222291438],[4.38816692669417,51.2178539563639],[4.3880694030811,51.2177766792225],[4.3878051644213,51.2176560486885],[4.38749386997226,51.2173586297028],[4.38712651436692,51.2168701456093],[4.38638987170965,51.2162463944715],[4.38582191821646,51.2157685531091],[4.38538696143865,51.2153966076283],[4.38512937017242,51.2151677558487],[4.38475478530637,51.2149840430443],[4.38440060264915,51.2147263435263],[4.38415289413546,51.2145573490173],[4.38404828443608,51.2145655028143],[4.38397925751221,51.2146079729283],[4.38390215744334,51.2146845957892],[4.38384801556779,51.2145932382759],[4.38393717051753,51.2144625375061],[4.38372520928913,51.2143364056794],[4.38361585014155,51.2143246016005],[4.38329403623623,51.2141610265992],[4.38327967821845,51.2140954553946],[4.38147528728275,51.2131087821631],[4.38857183883089,51.2103152744185],[4.38785038890613,51.2093469016678],[4.38858729657681,51.209304085388],[4.38918358224941,51.2098931276406],[4.38936202315746,51.2098653103939],[4.39031286617388,51.2100511823237],[4.39071919525393,51.2100697962562],[4.39131157536261,51.2109094991751],[4.39194579261466,51.2109745442867],[4.39303009237459,51.2115169891215],[4.39364040704542,51.2121545098481],[4.39398156909848,51.2126428957995],[4.39402017705614,51.2135147068389],[4.39406062812258,51.2142554899683],[4.39446325881925,51.2149890843644],[4.39480809492402,51.2156683391395],[4.39512772453518,51.216398773964],[4.3952959415053,51.2167469313597],[4.39538311017187,51.2169665988507],[4.39489822177034,51.217175577208],[4.39491716472654,51.2172525599232],[4.39517236451806,51.2175839517288],[4.39533232249804,51.2177298287902],[4.39557294492541,51.2179842542375],[4.39560907606684,51.2180470584387],[4.39598771884077,51.2184415815856],[4.39628114573008,51.2184911069084],[4.39656072946633,51.2187285868384],[4.39617433040116,51.2188382338125],[4.39620905712655,51.2190548562309],[4.3962339010994,51.2192116213787],[4.39624979454179,51.2193569586588],[4.39628797597253,51.2197530547472],[4.39631227157946,51.2198813320109],[4.39633590914726,51.2199754238136],[4.39638614545889,51.2203174419932],[4.39638899696172,51.2204655789907],[4.39653564798873,51.2212808231871],[4.39672366396516,51.2215236571966],[4.39681599943729,51.2215581861548],[4.3969042313345,51.2220598673417],[4.39693011720262,51.2222707594693],[4.39703685336329,51.222826633064],[4.39725617486097,51.2228815778944],[4.39752651254841,51.2228654992986],[4.39761727909473,51.2230453001089],[4.39781539717007,51.2233593865428],[4.3978759884282,51.2235590143728],[4.39804294415668,51.2238416496351],[4.39809392684523,51.2239956641365],[4.39814746551826,51.2240556849773],[4.39816302994108,51.2241839295269],[4.39825346746784,51.2243466376067],[4.398298110447,51.2243980793682],[4.39832567491411,51.2244693972206],[4.39847412637913,51.224697840075],[4.39852286076737,51.2247350542515],[4.39870651115175,51.224977871904],[4.39900421529531,51.225249602723],[4.39930467343434,51.225210848319],[4.39932160877198,51.2254103125789],[4.39936342158369,51.225541504059],[4.39967886227841,51.2258275442481],[4.40005715469739,51.2259770879485],[4.4004965562355,51.2254460492874],[4.40052591814435,51.2260643018011],[4.40051720829563,51.2262921558031],[4.40047834449411,51.2267677235409],[4.40126426073599,51.2267763653797],[4.40127060044538,51.2268789381196],[4.40141507017451,51.2271273061359],[4.40144815180212,51.2272584649019],[4.40150520001709,51.2275008082011],[4.40189854199418,51.2275250706395],[4.40297815930834,51.2275974817431],[4.40305174384271,51.2296060084302],[4.40300581229399,51.2315286298257],[4.39475347240789,51.2314264953645]]]}},{"type":"Feature","properties":{"imageId":"https://iiif.ghentcdh.ugent.be/iiif/images/primitief_kadaster:550_0001_000_02553_000:550_0001_000_02553_000_0_0004","manifestUrl":"https://iiif.ghentcdh.ugent.be/iiif/manifests/primitief_kadaster:550_0001_000_02553_000"},"geometry":{"type":"Polygon","coordinates":[[[4.41339152994363,51.2502814215566],[4.41471682762473,51.248864086091],[4.41156070528804,51.2476740487133],[4.40866611011161,51.2465850993406],[4.40792755835208,51.2459610579251],[4.41150992436618,51.245305444679],[4.41560437208577,51.2438449871008],[4.41712061365743,51.2432731364369],[4.41753086807303,51.2434074707023],[4.4183067519406,51.2434132458433],[4.41909073103756,51.243064187789],[4.4190111822943,51.2428702155224],[4.42565961713699,51.2409562123059],[4.43056072368707,51.2373955493796],[4.43091758886248,51.2375989396907],[4.4314161562979,51.2375952967872],[4.43209201882012,51.2373385833052],[4.43239522689506,51.2369701494726],[4.43239529355837,51.2363407111631],[4.43701299558843,51.2331941146661],[4.44059161397272,51.2298834456243],[4.44237065413569,51.230087888794],[4.44242143385049,51.2292978594006],[4.44194106401536,51.2286604871924],[4.44179173437617,51.2279749188628],[4.441892491432,51.2276308529357],[4.44257644918361,51.2270193062585],[4.44333125806522,51.2263042429741],[4.44332965211059,51.2256175952657],[4.44304062735291,51.2252077114293],[4.44150411316908,51.2238227308083],[4.44047921284055,51.2228803405946],[4.4405463842111,51.2226509633098],[4.44027950467344,51.2223668052286],[4.43996084064316,51.2196797174737],[4.43871562621882,51.2194141521569],[4.43849303712121,51.2193814455859],[4.43830162538046,51.2197833955236],[4.43791017094901,51.2196603682156],[4.43733707262413,51.219641667049],[4.4368945706176,51.219667788945],[4.43636107940256,51.2197403529719],[4.43572689779499,51.2195275446163],[4.43531430171428,51.2193131171925],[4.43477746526338,51.2192712624217],[4.43433061445022,51.2191486398807],[4.43432559659642,51.2189770116842],[4.43307804050697,51.2186313532091],[4.43170089166994,51.2182751973106],[4.43091932090139,51.2180749102136],[4.430485917695,51.2177805245538],[4.43014952512168,51.217645650599],[4.42970635406798,51.2176488887354],[4.42944181619542,51.2174448238126],[4.42853874790868,51.2168792060971],[4.42746514167017,51.2161660582459],[4.42677088035068,51.2157934683406],[4.42746259880809,51.2148156465885],[4.42804452807283,51.2138729600099],[4.42807644114017,51.2137010619687],[4.42784415085855,51.2133365408844],[4.42772198429318,51.2129483265064],[4.42766999981064,51.2124337117615],[4.42775229140589,51.2120897807567],[4.4279195507851,51.2114934537852],[4.42798136977826,51.2110810064242],[4.42765474505226,51.210648508673],[4.42734725483401,51.210238759759],[4.42949098754149,51.2096508798553],[4.43149837036635,51.2094531032425],[4.43283664780403,51.2091114393974],[4.43433134653953,51.2090661850475],[4.43536340518999,51.2089899781171],[4.43640790787647,51.2087076824285],[4.43690346459961,51.2086010626071],[4.43568146562935,51.2078661103751],[4.43488651391734,51.2072081480874],[4.43456557609232,51.2069701622923],[4.43436827625362,51.205907281775],[4.43418877282832,51.2048213825759],[4.43402740034001,51.2037239065747],[4.43380956123591,51.2032219480108],[4.43382300884268,51.2030501848919],[4.43349671864027,51.2026291290205],[4.43319257365788,51.2023337989042],[4.43297239288868,51.2017517471819],[4.43256722299018,51.2011596028034],[4.4330913475448,51.200766666143],[4.43215067928974,51.2001784345128],[4.43114685394717,51.1999568827245],[4.4306771222035,51.2003150889785],[4.4304162640904,51.200236884733],[4.42966018377775,51.2002767421888],[4.42894103438623,51.2003163297999],[4.42825038616289,51.2006990388817],[4.42790589836019,51.200918998122],[4.42676672670575,51.201121875264],[4.42590386791271,51.2012998448111],[4.42454819524853,51.2010465309082],[4.42472013795795,51.2006103902535],[4.42451534527373,51.2005546650005],[4.42415807891143,51.2009692711193],[4.42391869697118,51.2009939088694],[4.42282829789003,51.2003381053393],[4.42121611591937,51.200155331628],[4.42137093126257,51.1997650934147],[4.41979333854794,51.1995019567003],[4.41571320747221,51.1989252199904],[4.41535768039115,51.1987675971983],[4.41510786155641,51.1990669749853],[4.41168211683005,51.1981306827978],[4.41156737644689,51.1973647514651],[4.41105067807448,51.1973799711707],[4.41210561644839,51.1936643020177],[4.41637100209959,51.1885747447178],[4.41701133845833,51.18773463029],[4.41850376219203,51.1869798444721],[4.42190100454316,51.1844143817612],[4.42313022849865,51.1835012985395],[4.42286167634306,51.1831599310594],[4.42204384370054,51.1829827975666],[4.42215075550754,51.1815858088561],[4.42233286725117,51.1802340479753],[4.42216534001169,51.1801894947574],[4.42194629734691,51.1815415254829],[4.42076484239395,51.1815616023933],[4.42049722714581,51.1818839988621],[4.41928292221805,51.1814122098648],[4.41793661621429,51.1814792685955],[4.41696604203341,51.181131586285],[4.41574598354137,51.1810947236413],[4.41494293659998,51.1807915945487],[4.41403431594593,51.1819312216858],[4.41341391646872,51.1815580920911],[4.41427757763555,51.1801441296843],[4.41419869793947,51.1799730411772],[4.41384517799992,51.1798840696638],[4.41381968754403,51.179643925111],[4.41366694600566,51.1794733762933],[4.41333356414462,51.1794414792564],[4.41298773824757,51.1796156709776],[4.41218970915998,51.1794841700816],[4.41184287969217,51.1796240361635],[4.4115453585182,51.1801869819522],[4.41114105886385,51.1808880398321],[4.41109034581235,51.181048630916],[4.40874830969541,51.1805393046632],[4.40966268391374,51.1789647511726],[4.41064249022138,51.177733049308],[4.41117537905255,51.177008163212],[4.41122073972667,51.1766645020519],[4.40938871271745,51.1790697519258],[4.40788504971547,51.1813352706401],[4.40708601705712,51.1811694441048],[4.40682020775352,51.1802901733532],[4.40679170658535,51.1799470518826],[4.40684482796527,51.1792371156475],[4.40685406009202,51.1776577314725],[4.40682562558716,51.1766851716922],[4.40653017821802,51.1766873304499],[4.4039973994075,51.1766028378944],[4.40450700612128,51.1769767770232],[4.40323349172574,51.1776384087347],[4.40207786175226,51.1779100720776],[4.40075537358646,51.1781600659622],[4.39978272560075,51.1783731706827],[4.39702073509125,51.1805563290789],[4.3960537073432,51.1815933840651],[4.39639270944191,51.1824492313677],[4.39588196583076,51.1832998432188],[4.39687334713732,51.1837274837652],[4.39503416059912,51.1839926973555],[4.39411195780463,51.1834043308029],[4.39453773363183,51.1828061149184],[4.3943131373927,51.1827047570688],[4.39395754364833,51.1831765725863],[4.39140081246618,51.1810093880683],[4.3910912484431,51.1811604261853],[4.39162233132973,51.1816372073097],[4.39038273714305,51.1821955922586],[4.38987025304361,51.1804597995927],[4.38701319117219,51.1800229024444],[4.38376654868424,51.1807905058858],[4.3799996625981,51.1833472251641],[4.37081630968382,51.1895255945933],[4.36929772644706,51.1900173520989],[4.3683315010728,51.1898184142254],[4.36811493339975,51.1899916614902],[4.36924701339556,51.1901779431827],[4.36960106905566,51.1915486750748],[4.36967118447519,51.1920517130176],[4.36923697889501,51.1929933202174],[4.36895785651831,51.1941855693933],[4.36894976128893,51.1945404025884],[4.36943782516655,51.1954409380313],[4.37109804520707,51.1985302190483],[4.37123533199715,51.1988038797063],[4.36953764772903,51.2007503750106],[4.36693903684936,51.2040996606867],[4.36619714106102,51.2065198339013],[4.37670519410076,51.2109063406482],[4.38348302290816,51.2140497832116],[4.38352597525386,51.2142554672027],[4.38532742849714,51.2152265163168],[4.38720334596656,51.2168493478106],[4.3879875262605,51.2177706082554],[4.38833295097065,51.218214412964],[4.38837556879277,51.2184086550753],[4.38883713864374,51.2190347203261],[4.38908689081518,51.2193647808487],[4.38942495600643,51.2195568642024],[4.38963309392651,51.2197270082531],[4.38950784998555,51.2198652552668],[4.389569936839,51.2200936880951],[4.38955615470864,51.2202540093342],[4.38970856172342,51.2204131162721],[4.38956886660493,51.2206888007653],[4.38993409487001,51.2211782380707],[4.39017983275841,51.2213709960361],[4.39055007887728,51.2220320615379],[4.39096769281179,51.2224181171583],[4.3908659321852,51.2227278574461],[4.39051943724098,51.2228791654078],[4.39065270974802,51.2230155235086],[4.39119088429327,51.2231031457985],[4.39152051973155,51.2236386204676],[4.39248253083285,51.2255885707126],[4.39266176639787,51.2260335897223],[4.3923162750244,51.2262192233233],[4.3929091769042,51.2262835570866],[4.39368793815744,51.2276511857647],[4.39415084610275,51.2283230185345],[4.39426424839157,51.2290431823481],[4.39458378145894,51.2298648389337],[4.39464687188315,51.2301275974013],[4.39418423179811,51.2300966448209],[4.39415198420718,51.2302571009823],[4.39459916954393,51.2303911654031],[4.39448148631885,51.2320514522706],[4.39441632208982,51.232349480834],[4.39416115087769,51.2324657885446],[4.39422491034907,51.2327514307717],[4.3944367280286,51.2330474354998],[4.39413278424318,51.2340224238825],[4.39376039765618,51.2345515837212],[4.39330913137309,51.2349096550529],[4.39246707970572,51.235167582836],[4.39202558126995,51.2352280303713],[4.39186875878524,51.235549617306],[4.39098676548445,51.2357048380159],[4.38837236412585,51.2359871602248],[4.38669167269029,51.2359879962792],[4.38571755207657,51.2342555766721],[4.3865154466305,51.2324873207596],[4.38361543241338,51.2318447396202],[4.3852446072166,51.2300818540815],[4.38365209426719,51.2280449561584],[4.38223085498003,51.225549033821],[4.38275176762539,51.2237828017438],[4.38319099105936,51.2230128227405],[4.37737222930428,51.2210869151946],[4.37499667416537,51.2200628392746],[4.37396113695243,51.2212835040265],[4.37338736958038,51.2212419191004],[4.37275981178124,51.2218873866498],[4.36975603100307,51.2246445279473],[4.36866108312538,51.2257282949091],[4.36884292821579,51.2268942872666],[4.36760935545367,51.2276586260513],[4.36712316539095,51.2280856185063],[4.36651748495156,51.2282159316214],[4.36596552827595,51.2282886305706],[4.36496170293338,51.2280670787823],[4.36493146248397,51.2282961862224],[4.36572949157156,51.2284276871184],[4.36624685899114,51.2284353511723],[4.36667056101352,51.2283979223188],[4.3670559940204,51.228314995791],[4.36695523696458,51.2286590617182],[4.36667216696814,51.2290845700273],[4.36632326369551,51.2297852231402],[4.36543324182864,51.2296658387357],[4.36480073283901,51.2295102397789],[4.36477183048395,51.2297851147381],[4.36546040490247,51.2299631926873],[4.36616744478155,51.2301411357142],[4.36845575713471,51.2307080761329],[4.36870015692877,51.2308550665793],[4.37176602576743,51.2314849915377],[4.38053491240726,51.23324056707],[4.38517737038979,51.2340993031036],[4.38336534813247,51.2378205040732],[4.38538116191736,51.2404379695727],[4.3860462530215,51.2404445542478],[4.38676125480336,51.2415265406986],[4.38654970498411,51.2418714161599],[4.38582647464625,51.2424031395234],[4.3853006774737,51.2427388667849],[4.38516499663825,51.2431518538354],[4.3854500071129,51.2434244351145],[4.38597098762862,51.2441873981554],[4.38527599059865,51.2444213628002],[4.38489557544557,51.2446759175245],[4.38467800420175,51.24481483915],[4.38544813450505,51.2452555406444],[4.38585905796782,51.2454127586694],[4.38560515818673,51.2462042722087],[4.38542043691772,51.2468350597418],[4.38511455265409,51.2471119585363],[4.38543749762063,51.24741859561],[4.38607435541689,51.2477229390037],[4.38693447135793,51.248082872728],[4.38788925626694,51.248522224999],[4.38863958301531,51.2489172938967],[4.38882082572185,51.2494309641851],[4.38890472327174,51.2497736808887],[4.38929350151449,51.2498051731586],[4.39003011279581,51.2497311249859],[4.3905827385186,51.2496813097962],[4.39104838931592,51.2498152392946],[4.39383553696478,51.2510194169991],[4.39422699139622,51.2511424443071],[4.39458111371963,51.2518837378897],[4.3947361302598,51.2527638181753],[4.39539687255732,51.2526216584134],[4.39649409543682,51.2522474229196],[4.39678352138139,51.2520393103261],[4.39764638017444,51.251861340779],[4.39853104966391,51.2517976551072],[4.39968768320816,51.2515603174036],[4.40075165492596,51.251312212432],[4.40172597552961,51.2511563171103],[4.39903945281701,51.2540255835255],[4.40418194965592,51.2536675675554],[4.40421526748092,51.2529119987237],[4.40835300086275,51.2485100335887],[4.41339152994363,51.2502814215566]]]}},{"type":"Feature","properties":{"imageId":"https://iiif.ghentcdh.ugent.be/iiif/images/primitief_kadaster:550_0001_000_02675_000:550_0001_000_02675_000_0_0001","manifestUrl":"https://iiif.ghentcdh.ugent.be/iiif/manifests/primitief_kadaster:550_0001_000_02675_000"},"geometry":{"type":"Polygon","coordinates":[[[4.33866047270637,51.0946927656929],[4.34104201262954,51.0965832996606],[4.34190256491067,51.0966242783646],[4.34240547709982,51.096901706871],[4.34280587447465,51.0972553652361],[4.34324374049461,51.0974255929576],[4.34444506996258,51.0977788000802],[4.34523195370305,51.0979127496793],[4.3455746681868,51.0983502434304],[4.34706828927268,51.0985899093033],[4.34809766767284,51.0988018232802],[4.34882219860058,51.0985738464243],[4.34996382609403,51.098795976151],[4.35099081137694,51.0989991598608],[4.35201112278857,51.0992996823533],[4.35286932245587,51.0999122874081],[4.35292059010056,51.100817952112],[4.35414133940223,51.1016572626729],[4.35541639293342,51.1019074522963],[4.35653987303384,51.1028752342654],[4.35708485864973,51.1036176445574],[4.35783031663669,51.1039769550154],[4.35831669154673,51.1039973561842],[4.35889595415774,51.103830423188],[4.35921454850893,51.1040739837098],[4.36000357423412,51.1041375072636],[4.36054291914899,51.1046511743323],[4.36132174077232,51.1056539845053],[4.36307837133388,51.1065804937861],[4.36495352547547,51.1062685106958],[4.36800680156863,51.106167114731],[4.37002464665022,51.1058604003451],[4.3708838192654,51.1057099310489],[4.37188455047018,51.1058466349301],[4.37314553914602,51.105494174595],[4.37378733417322,51.1050248481299],[4.37587018856522,51.1044342996493],[4.37645141968943,51.1046434849403],[4.37725002469222,51.1048724406656],[4.37878225029626,51.1046448724847],[4.37922349209424,51.1043534810084],[4.37980592612129,51.104345701098],[4.38033704767419,51.104133852461],[4.38116264953718,51.1037377066572],[4.38223617466325,51.1037039085588],[4.38311558598369,51.1033692097163],[4.38364987311124,51.1030514929025],[4.38435156313868,51.102649908502],[4.38577908688957,51.1024543018124],[4.38632034974901,51.1026382839815],[4.38668565787829,51.1025873791053],[4.38703084294806,51.1026028599173],[4.38739325544378,51.1026520050357],[4.38890192608864,51.1016765213082],[4.3886388004248,51.1012725012624],[4.39012561786584,51.1008654986271],[4.39103336651721,51.1003388006111],[4.39177265958409,51.1003452898867],[4.39215351431303,51.1000751306592],[4.39170493609306,51.0997843808885],[4.39353000307525,51.0990582022934],[4.39428874441562,51.0989090638586],[4.39521301015079,51.0981402450212],[4.39608174152644,51.0984602016209],[4.39720953925168,51.0978638711833],[4.39664582984835,51.0974795656917],[4.39942865342317,51.0957135585979],[4.3997942960872,51.0948890785375],[4.40160379982563,51.0936349345297],[4.40319079949116,51.0929921948731],[4.40343643218402,51.0921445750023],[4.40392897130364,51.0916219897735],[4.40578392885593,51.0914187130726],[4.40674641546943,51.0903831788162],[4.4073665743383,51.0896154896994],[4.40591710087796,51.0894094497465],[4.40452991860357,51.0896316143935],[4.40347015680187,51.0881874427923],[4.40295739848052,51.0879572468982],[4.39923352734589,51.0890637754669],[4.39677317300814,51.089645070625],[4.39406257356627,51.0897875109234],[4.39410125284259,51.0888915253521],[4.39340345835428,51.0882447858984],[4.39173980126264,51.0877836785833],[4.39049007235307,51.0866192181769],[4.39027573930569,51.0861757456013],[4.38958073659117,51.086098880928],[4.3895699516841,51.0852732480142],[4.38889134651357,51.0845864830282],[4.38850283914996,51.0834178929389],[4.38678233444558,51.0814326644669],[4.38508665072688,51.079765631848],[4.38433993238711,51.0788464010073],[4.38354736567451,51.0789139131373],[4.38285373695553,51.0798970961206],[4.3825544949904,51.0807552540562],[4.37954676407624,51.0808752301909],[4.37684280259638,51.080748631168],[4.37584022780105,51.0798775641758],[4.3726394162532,51.0803150375607],[4.36963783386182,51.0792298499956],[4.36756864803944,51.079955347689],[4.36657225181506,51.0729069468532],[4.36527356605995,51.0729376408123],[4.36620904000007,51.0805634056295],[4.36545956662446,51.0819759877235],[4.36427333789501,51.0828566294747],[4.36082721727988,51.083361760593],[4.35596381577851,51.0843200381681],[4.35384604444286,51.0852484866499],[4.3515642144996,51.0880720211845],[4.35014974174045,51.0898531398175],[4.33866047270637,51.0946927656929]]]}},{"type":"Feature","properties":{"imageId":"https://iiif.ghentcdh.ugent.be/iiif/images/primitief_kadaster:550_0001_000_02686_000:550_0001_000_02686_000_0_0001","manifestUrl":"https://iiif.ghentcdh.ugent.be/iiif/manifests/primitief_kadaster:550_0001_000_02686_000"},"geometry":{"type":"Polygon","coordinates":[[[4.24719118737832,51.1175304426221],[4.24995542169671,51.1181151795859],[4.25090800352751,51.118076783603],[4.2513736849625,51.1179762786406],[4.25526534615551,51.1182854330961],[4.25618837883673,51.118584519913],[4.25840665983582,51.1189086381534],[4.26071525210846,51.1192894548711],[4.26156404040702,51.1195084654332],[4.26257721493822,51.119900031229],[4.26340036298896,51.1208095906707],[4.26917444910812,51.1228176497298],[4.27029838158045,51.1237419707985],[4.2757775545899,51.1250536440261],[4.27792739348738,51.125315630348],[4.27953634356687,51.1253018664957],[4.28348641254611,51.1254032181277],[4.28893678382708,51.1255823252686],[4.29541940659974,51.1260808218356],[4.30099561346525,51.1261770017997],[4.30279769576761,51.1267009807727],[4.30436028760947,51.1267946607284],[4.30581863244411,51.1271116572164],[4.30757839007256,51.1271775721921],[4.30804858913861,51.1247897349062],[4.30748898644737,51.1230255837359],[4.30718699637574,51.1216070957142],[4.3104045341584,51.1198377686447],[4.31099388133259,51.1194489870115],[4.31215638230117,51.118967375193],[4.31334539021933,51.1171599641761],[4.31383654483082,51.1154222749196],[4.31368712141695,51.1142152170349],[4.3121226857088,51.1117684074211],[4.31097505253377,51.1101808039522],[4.3098976224157,51.1084295914702],[4.30960439412748,51.1073502026502],[4.31098978351334,51.1061049672826],[4.31312420509813,51.105558854102],[4.31602238250814,51.1052391661068],[4.32022026776331,51.1052084006748],[4.32254115904197,51.1051664092009],[4.32488386188893,51.1045549224041],[4.32682301716806,51.1041085778568],[4.32940351188707,51.1019193781474],[4.3312793954893,51.1000394516203],[4.32857397951437,51.0993307878633],[4.3269500847768,51.1006628500862],[4.3237184374218,51.0990406160188],[4.32297724136971,51.0981881306015],[4.32193123663392,51.0972952886824],[4.32081770430037,51.0965313648409],[4.31742244007534,51.095587550812],[4.31715212933686,51.0947123503287],[4.31669035590785,51.0939431259855],[4.31545545725063,51.093382519922],[4.31456043718317,51.0932509181284],[4.31367275747532,51.0932683869936],[4.31334477661924,51.0931035213234],[4.31315132128852,51.0920661402099],[4.31269850320141,51.0915370152394],[4.31204466791047,51.0912640941433],[4.30909724128285,51.0916854427745],[4.30832115187257,51.0917733793796],[4.30763860483584,51.0919291889063],[4.30773467811073,51.0914200935296],[4.30794469561982,51.0910239164788],[4.30867176573468,51.0906503925605],[4.31061961668779,51.0904916761362],[4.31066236638378,51.0898825961854],[4.30987386111715,51.0893604051075],[4.30870907624311,51.0891456032324],[4.30812378374115,51.0887570294943],[4.30796629119767,51.0879899591078],[4.30704947357566,51.0877229168759],[4.3061075762708,51.0876866610924],[4.30492056534913,51.087320211923],[4.3038537525978,51.0868796975575],[4.30314141479394,51.0864420254252],[4.30232133449132,51.086376162615],[4.30108052967074,51.0864441035637],[4.30074135118296,51.0864148948945],[4.30077295361098,51.0859505817005],[4.30038158063819,51.0851797670891],[4.29918303219968,51.084664218869],[4.29958806947124,51.0841708982981],[4.29956934235503,51.0837533820319],[4.29898927517555,51.0835297134119],[4.29695729108922,51.0831394492416],[4.29643347119777,51.082995190266],[4.29556225202684,51.0826692270622],[4.29448576656101,51.0825541224655],[4.29339806157803,51.0826009808136],[4.29255966600064,51.0834333565497],[4.29154239476292,51.0830839993944],[4.29094704047398,51.0829737880531],[4.29008338484244,51.0832716413667],[4.28965281011673,51.0832523579066],[4.28952834651599,51.0828710109245],[4.28938915436116,51.0825592771339],[4.28825915367691,51.0825229441023],[4.28763782545298,51.0830612973208],[4.28791693690768,51.0836959794892],[4.28682419420529,51.0837165412429],[4.28660188583333,51.0839614170504],[4.28719156086439,51.0843154391987],[4.28617149220189,51.0843698377088],[4.28580246077783,51.0845462423641],[4.28593318209143,51.0850655990541],[4.28535942885448,51.0850815771883],[4.28460496849241,51.0850757755392],[4.28422815990238,51.0846739872522],[4.28396419612115,51.0843868742991],[4.28330331297209,51.0844728349118],[4.2829840483414,51.0849839772507],[4.28263122444242,51.0847207220219],[4.28220756577723,51.0844810691443],[4.282048490114,51.0841237233768],[4.28156191312544,51.0840926642098],[4.28144820460599,51.0839547016923],[4.28110288124571,51.0838647347372],[4.28052294761886,51.0837533733794],[4.28029659527361,51.0835005195753],[4.27974872885208,51.0832963235391],[4.27945634410825,51.0831827847766],[4.27913281207297,51.0831851995301],[4.27933265526356,51.0828017916354],[4.27924592071695,51.0824436184557],[4.2785393502818,51.0823100122229],[4.27796989236308,51.0824531885242],[4.27484776852688,51.0817360803116],[4.27417969360387,51.0816718013666],[4.27374569985284,51.0811543652123],[4.27337077516685,51.0807638135378],[4.27238591841757,51.08087585415],[4.27139768466635,51.0804326176516],[4.27006497503948,51.0803859828297],[4.26855375073933,51.0803760683736],[4.2669664066624,51.0802518181027],[4.26765547762967,51.0813791171485],[4.26588648222871,51.0851471964461],[4.26742154172691,51.0857346991429],[4.26867666563747,51.0855721781255],[4.26999559293194,51.0856645765855],[4.27037922166707,51.0858001897854],[4.26903294989746,51.0873650184667],[4.275337576887,51.0895034266283],[4.27562392380635,51.0899047131023],[4.27660284857199,51.0900222259768],[4.27875940340117,51.0907158801173],[4.27841833454645,51.0912141482723],[4.27911843408557,51.0915751552738],[4.27735552341203,51.0926751988745],[4.27529109284393,51.0945300784626],[4.27206305547663,51.0952882411858],[4.27014042437603,51.0956380706407],[4.26837887673342,51.0965065003205],[4.26594191041071,51.0971654182904],[4.26453821774639,51.0973353268065],[4.26302241901783,51.0973675367993],[4.26244643925902,51.098649618391],[4.26408083957158,51.0989743172097],[4.263571605794,51.099479280437],[4.26286816980626,51.1007970894112],[4.26170516027681,51.1025141268822],[4.26137922193197,51.1024725397569],[4.26045483459954,51.1036883131688],[4.25930492415667,51.1052770639802],[4.25705731207293,51.1062583830447],[4.25400282228834,51.1081320858773],[4.25223944825365,51.1097452728068],[4.25119787350579,51.1106534337526],[4.24810111635331,51.1154821937129],[4.24719118737832,51.1175304426221]]]}},{"type":"Feature","properties":{"imageId":"https://iiif.ghentcdh.ugent.be/iiif/images/primitief_kadaster:550_0001_000_02691_000:550_0001_000_02691_000_0_0001","manifestUrl":"https://iiif.ghentcdh.ugent.be/iiif/manifests/primitief_kadaster:550_0001_000_02691_000"},"geometry":{"type":"Polygon","coordinates":[[[4.18582382759956,51.071342681177],[4.19314458782323,51.0695025766508],[4.19325709493635,51.0698449686896],[4.19350391504077,51.0697960766779],[4.19453894301448,51.0702194640639],[4.19551465440379,51.0708585353567],[4.1957468078557,51.0709390218856],[4.19887134918342,51.0726832981168],[4.19884675261991,51.0728186405178],[4.19925493763727,51.0731050849413],[4.19999953283449,51.0738200555563],[4.20135089449998,51.07446975662],[4.20200746685565,51.0745723044536],[4.20205675438335,51.074278603708],[4.20240088178162,51.0742113195132],[4.20233442423864,51.0735198661082],[4.20195293792529,51.0724795432758],[4.20138421034371,51.0717297239272],[4.20130931492142,51.0710964723732],[4.20315047904591,51.0693649505657],[4.20395570616697,51.0690978875175],[4.20461464055991,51.0688836391516],[4.20650260974539,51.0678908003666],[4.20819965233185,51.0673773931059],[4.20849837364067,51.0672298746884],[4.21416766783288,51.0696262414767],[4.21467043443899,51.0695640762583],[4.21508114830009,51.0683251873452],[4.21518818289993,51.0683453796894],[4.21596683658457,51.0652034384574],[4.21586360639673,51.064669504284],[4.21589398848829,51.0629029567769],[4.21589437756727,51.0622158733417],[4.2163119974453,51.0608537768388],[4.20888166096239,51.06054095575],[4.20851602253266,51.0605477660457],[4.20730718223938,51.0604367568283],[4.20690179282203,51.0602938199812],[4.20643224876861,51.0603364363503],[4.20604714556202,51.0604236486677],[4.20552112188934,51.060340146235],[4.20514192919803,51.0603002919504],[4.20489828165222,51.0602697215534],[4.20125245440139,51.0601585019817],[4.19622349107644,51.0569985308687],[4.19205198932702,51.0576808489582],[4.18806299342429,51.0586021216612],[4.18738860526159,51.0588631861053],[4.1864265023512,51.0595214155894],[4.18558843770351,51.0601078379477],[4.18481358671469,51.0618793907013],[4.1848574440605,51.0624317310589],[4.18469229030524,51.0636653997843],[4.18471305164057,51.0653593039535],[4.18484635359732,51.065869888593],[4.18529743843065,51.0669347874701],[4.18536793142634,51.0688826891126],[4.18535851966585,51.0694313314392],[4.18557828823725,51.0697297282339],[4.18582382759956,51.071342681177]]]}},{"type":"Feature","properties":{"imageId":"https://iiif.ghentcdh.ugent.be/iiif/images/primitief_kadaster:550_0001_000_02694_000:550_0001_000_02694_000_0_0001","manifestUrl":"https://iiif.ghentcdh.ugent.be/iiif/manifests/primitief_kadaster:550_0001_000_02694_000"},"geometry":{"type":"Polygon","coordinates":[[[4.18213589451717,51.0848489359178],[4.18039249281021,51.0852544442823],[4.17940661124515,51.085802576935],[4.17776298598227,51.0858757434767],[4.17617387393666,51.0864398739064],[4.17432042047162,51.0873351206737],[4.17326402175492,51.0880729742176],[4.17212131943425,51.0890595582649],[4.17150680356401,51.0891862853083],[4.17142751187873,51.0893918579421],[4.17167020638008,51.0896196729652],[4.1708487996763,51.0908396414545],[4.17045529508098,51.0916245103503],[4.16895752145452,51.0917952886677],[4.16902959436174,51.092192731429],[4.17077421840918,51.0921013969312],[4.17074490264311,51.0927256882319],[4.17086712016397,51.0931679678287],[4.17184066400844,51.0937567066372],[4.17241413921021,51.0944586554282],[4.1732558289184,51.0947749358338],[4.17446055403044,51.0949432884496],[4.17503028295632,51.0953392059817],[4.17491024334354,51.0964267188279],[4.17563483245898,51.0983821088686],[4.17531048748497,51.0989456317132],[4.17513777952206,51.0992834203326],[4.17530546678583,51.0996213119095],[4.17515039735479,51.1005880946539],[4.17418711594163,51.1010590518852],[4.17305884395576,51.1016647970258],[4.17203941060821,51.1022259235235],[4.17193329286244,51.1028543687906],[4.17044406354271,51.1042918164637],[4.17103280705796,51.1044820060224],[4.17246774236207,51.1037963250114],[4.17277694562376,51.1036278925085],[4.17351337385136,51.1036498326015],[4.17407799506817,51.103302094015],[4.17444179295407,51.1031002649291],[4.17523475867938,51.1030104949869],[4.17618476573687,51.103200753452],[4.17838820629509,51.1042064621644],[4.18122350253885,51.1053309796468],[4.18229617198232,51.1055189443206],[4.18413869073165,51.1057276300618],[4.18474249018147,51.105726659343],[4.18690722699943,51.1065571681162],[4.1900192346407,51.108265788781],[4.19320940884907,51.1096154386783],[4.19466142897766,51.1104431296929],[4.19636598702761,51.1121338058096],[4.19781920879025,51.113698061823],[4.19944575523865,51.1149205007731],[4.20213049735837,51.1166632781807],[4.20396154056449,51.1182260956902],[4.20455601243898,51.1190695851589],[4.2086358901735,51.1167716870345],[4.20907773079945,51.116664251892],[4.20994209405136,51.1165626404044],[4.21055471253575,51.1160012681798],[4.21100138424937,51.1155057377818],[4.2111881351791,51.1152460003366],[4.21251606751568,51.1149888138495],[4.21386062935397,51.1149699168725],[4.21477602552093,51.1140319403864],[4.21655521055797,51.1134427052246],[4.21776905374639,51.1125480431034],[4.22008984443294,51.1107491763309],[4.22272343112092,51.1088680287161],[4.22385817729569,51.1081417933597],[4.22415404858551,51.1069107678491],[4.22432226742049,51.105434519746],[4.22403539335641,51.1048863148111],[4.22297343675738,51.1045760831234],[4.22029348182561,51.1040550115869],[4.21952401405707,51.1036445654139],[4.21429799720787,51.103185632135],[4.21083215589524,51.1033065630377],[4.20903014686419,51.1037626405672],[4.20887250111153,51.1042116414293],[4.20739662023384,51.104270570885],[4.20753126841411,51.1047766162828],[4.2093220385665,51.1047743101714],[4.20929371378121,51.1052234955029],[4.2085992027154,51.1056738097461],[4.20716704219309,51.106132168674],[4.20562465779123,51.106076688072],[4.2032504093421,51.1058856746837],[4.20022810624446,51.1048616470928],[4.19781053275642,51.1037956314665],[4.19569185484636,51.102556742777],[4.19466587358604,51.1017486137513],[4.19466680357561,51.1015167452154],[4.20120980247209,51.1014448972551],[4.20117734950941,51.1009263050705],[4.19415184018569,51.1009494668514],[4.19411288119674,51.0998090091503],[4.19436774353623,51.0989312354888],[4.19513671849075,51.0980372444333],[4.19572173039427,51.0971852382162],[4.19652882101571,51.096850592257],[4.19742821192843,51.0967461592663],[4.19785072654225,51.0969071434989],[4.19869435251032,51.096444551361],[4.19933684257581,51.0953925707149],[4.19968697714878,51.094617306214],[4.19991105530864,51.0935059758978],[4.19960304238964,51.0926372560683],[4.19950571375418,51.0910971647389],[4.1990356972352,51.0904251330443],[4.19776727669544,51.089288891204],[4.19667201709504,51.0889967677894],[4.19449739142166,51.08877000783],[4.19275579310965,51.0883030087111],[4.19011857923027,51.0883071529828],[4.18770598855468,51.0876530239174],[4.1871770406825,51.0874371653433],[4.18628598119068,51.0878058806604],[4.1856510687032,51.0872501313342],[4.18502222923129,51.0870149099967],[4.18463390568662,51.0874058273962],[4.18319178770333,51.0868487236785],[4.18273858913938,51.0857799282672],[4.18213589451717,51.0848489359178]]]}},{"type":"Feature","properties":{"imageId":"https://iiif.ghentcdh.ugent.be/iiif/images/primitief_kadaster:550_0001_000_02797_000:550_0001_000_02797_000_0_0001","manifestUrl":"https://iiif.ghentcdh.ugent.be/iiif/manifests/primitief_kadaster:550_0001_000_02797_000"},"geometry":{"type":"Polygon","coordinates":[[[4.3263116458013,51.162483371908],[4.3321251712454,51.1620684572374],[4.33220270602049,51.1615329471637],[4.3331923650137,51.1614571921401],[4.33372117879398,51.1614939666903],[4.33400454997026,51.1613442354791],[4.33414655936801,51.1610096399839],[4.33422291589141,51.1606625506585],[4.33474135567909,51.1605507193261],[4.33492219890275,51.1603708169396],[4.33556674322119,51.1602151806632],[4.33561265657892,51.1600731557472],[4.33597066130341,51.1599530298493],[4.33623555077594,51.1596316322836],[4.33654509319676,51.1593622693605],[4.33682870675645,51.1592181091997],[4.33728681307234,51.1591850218231],[4.33753200631245,51.1590516438599],[4.33813119058229,51.1592259399121],[4.33844256137267,51.1592760507869],[4.339974658739,51.1588121644514],[4.34019669491961,51.1585982858858],[4.34056596608444,51.1586544820277],[4.34127986713102,51.158538045245],[4.34211513010526,51.1581602070966],[4.34252397308433,51.1580508638274],[4.34283143447613,51.1575520672908],[4.34292891525498,51.1573647519011],[4.34392126273123,51.1570099137421],[4.34510041621425,51.1566500240545],[4.34573734968753,51.1566501151148],[4.34982513286259,51.1557615080104],[4.35021604527928,51.155437651535],[4.34974531164489,51.1553190369708],[4.34961400604366,51.1550424177544],[4.35067554241331,51.1530392008448],[4.35210136053326,51.1501711996728],[4.35289833676688,51.1492924369558],[4.35377176217372,51.1482805978606],[4.35416591129039,51.1478550580939],[4.35437712822693,51.1477577094266],[4.35493886326428,51.1474159612686],[4.35531108628625,51.1472342140967],[4.35472368799742,51.1468319460979],[4.3554640868888,51.1445488501455],[4.35476930101991,51.1442683870169],[4.35521474630833,51.1438213532144],[4.3555474033244,51.1437668872654],[4.35568382101522,51.1436818061036],[4.35585132118324,51.143372780743],[4.35566549843978,51.1431585469573],[4.35574593378011,51.1429128715179],[4.35610808063295,51.1425387066783],[4.35615586708699,51.1423791584361],[4.35609014387786,51.1422300334281],[4.35604507089924,51.1419157704507],[4.35600383554742,51.1418298483397],[4.35610257588784,51.1414888157882],[4.35624932492613,51.141273802232],[4.35625693197161,51.1410347777801],[4.35618883859695,51.1408064776536],[4.35615394290128,51.1406411470547],[4.35711458188755,51.1393337415759],[4.35743731179755,51.1390313944601],[4.35772142361857,51.1383606949589],[4.3578925540423,51.1376894897188],[4.35829014085264,51.1371184594443],[4.35881820305853,51.1365502370081],[4.35807652089613,51.136438027423],[4.35873876914316,51.1358164055816],[4.35857855398541,51.1356957999155],[4.35841206165031,51.1356651916599],[4.35832324361142,51.1354612278987],[4.35818641056374,51.135408542082],[4.35784143806189,51.1353864971119],[4.35783793759997,51.1353020364228],[4.35799656020719,51.1351750356267],[4.35800818689967,51.1350065139647],[4.35775167479246,51.1349239311774],[4.35733985527326,51.1350582194132],[4.35717972661614,51.1350726380154],[4.35698868970508,51.1348560218938],[4.35682577641538,51.1347747999586],[4.35653366731746,51.1348039499073],[4.3564317342902,51.1349260346881],[4.35646063617982,51.1350502278369],[4.35632274867533,51.1350143050022],[4.35619563069612,51.1348210890739],[4.35610467398418,51.1346454072506],[4.35609131299452,51.1345665409069],[4.35581130294571,51.134556415806],[4.35533796960037,51.1346385770452],[4.35505195114345,51.1347181370006],[4.35490170060235,51.1347268626364],[4.35520284864611,51.1344228852298],[4.35542599199867,51.1344434181901],[4.35558977330295,51.134373112941],[4.35564290931002,51.1342785604115],[4.35559396874991,51.1341711546998],[4.35528218511828,51.1340762938094],[4.35560668021833,51.1339806910027],[4.35563912464741,51.1337738663868],[4.35535267691524,51.1337187842728],[4.35494670101341,51.1337736872215],[4.35471833599674,51.1338314783066],[4.35442424942475,51.1336081340502],[4.3541266342743,51.1335806731112],[4.35388715288648,51.1336660673109],[4.35370886206905,51.1336741450194],[4.35327581249284,51.1335713863657],[4.35298647282523,51.1332700817513],[4.35247156924473,51.1331269301902],[4.35214368694797,51.133132125811],[4.35186269507076,51.1332830524265],[4.35169727335862,51.1332353426139],[4.35208811506453,51.1329750748149],[4.35205702925134,51.1328742651113],[4.35178246199813,51.1327746954692],[4.35122071828597,51.1329257028686],[4.3510423711626,51.1329334794333],[4.35092355598204,51.1327367292185],[4.3508933572926,51.1326195527344],[4.35068370098475,51.1325269150615],[4.35041975546798,51.1325553316406],[4.35012041996429,51.1325497636991],[4.34962362234204,51.1324020830965],[4.34942109393226,51.1323430245736],[4.34919416838215,51.1323774852271],[4.34890611964874,51.1326483093118],[4.34853348954137,51.1327680370333],[4.34830422490451,51.1328407393964],[4.34792211354403,51.1326509019591],[4.34729941914196,51.1325613864292],[4.34678495140406,51.1325401566448],[4.34609162123287,51.1325263641406],[4.34572037599396,51.1326173773289],[4.34546617576667,51.1327924968709],[4.34531855920866,51.132909571501],[4.34497266959127,51.1328857687637],[4.34473268110841,51.1326519839789],[4.34464158682734,51.1324381115113],[4.34443064763347,51.1323472635799],[4.34404748978269,51.1324757420242],[4.3438986973202,51.1326137730344],[4.34360811558006,51.1327650440712],[4.34330001124103,51.132726514833],[4.3423635950677,51.1319571654583],[4.34182313848756,51.131842664475],[4.34154500499105,51.1319302670979],[4.34123306830709,51.131942521308],[4.34094524241504,51.1318537532995],[4.34155476014167,51.1313888421922],[4.34144751492988,51.1310920649324],[4.34104363929862,51.1308676859455],[4.34062199429585,51.1307995531572],[4.34023379024703,51.130812656043],[4.33999178164235,51.1309238039323],[4.33987855150743,51.1311056050334],[4.33978419442212,51.1312871734481],[4.33932341351068,51.1314174338861],[4.33896814378982,51.1311417808633],[4.33870157230831,51.1309787835533],[4.33838996141099,51.1309549553321],[4.3378369908028,51.1306273703692],[4.33721219782626,51.1303948797408],[4.33653668785521,51.1302148876513],[4.33607562865838,51.1299225838749],[4.3359941310153,51.128892978782],[4.33550100050039,51.1286799615692],[4.33504225539805,51.1287238483629],[4.33465370430071,51.1285115974659],[4.33425034876973,51.1284028302713],[4.33367305099527,51.1283464474815],[4.33315445750931,51.1284382324401],[4.33273684822352,51.1285966373904],[4.33240348131605,51.1286031418379],[4.33208083603754,51.1282382889964],[4.33164079768229,51.1281120842317],[4.3311159059018,51.128148760412],[4.3307345999323,51.1283403535317],[4.33048564314108,51.1285444502553],[4.33021000819531,51.1287152425575],[4.32991387546204,51.1289128404463],[4.32950198519326,51.128803689069],[4.32905507760064,51.1286448924479],[4.32866434281043,51.1286722913081],[4.32786155787298,51.1287759700949],[4.32727966258214,51.1290081306972],[4.32691029739826,51.1290032915172],[4.32657413434265,51.1284038200426],[4.32624821635782,51.1281314923659],[4.32580083414769,51.1279996321181],[4.32548606470457,51.1280392669673],[4.32510488518759,51.1282532538236],[4.3247468234417,51.1285659954983],[4.32451564451497,51.1293335091541],[4.32391489593628,51.1285501738794],[4.3237979565371,51.128439254068],[4.32135757274187,51.1284431639772],[4.32102460234061,51.132757945694],[4.32165495733061,51.1332160728007],[4.3224841930181,51.1336741520138],[4.3224497726129,51.1344337937204],[4.32284061662822,51.1349975725438],[4.32333680664856,51.13554077778],[4.32366654284596,51.1364441449305],[4.32379686061927,51.1380284532757],[4.32412427022752,51.1394027720281],[4.32471740728783,51.1410954219177],[4.32566453252043,51.1427334429789],[4.3258689180157,51.1440621177811],[4.32625491383688,51.1457664011074],[4.32637956989898,51.1462673706087],[4.3265567802602,51.1479604263479],[4.3268763720771,51.1497439287025],[4.32718699252277,51.1511547039305],[4.32725553223906,51.1522925013548],[4.32724292681917,51.1536754704349],[4.32709710647469,51.1564125236776],[4.32696247505801,51.1574855555951],[4.32659186752675,51.1595109592101],[4.32622247518355,51.159068711019],[4.32586111853924,51.1591140846036],[4.32575869983981,51.1597087851636],[4.32574988738343,51.1606370127893],[4.32573498340511,51.161203692618],[4.32636009341827,51.1611740578033],[4.3263116458013,51.162483371908]]]}},{"type":"Feature","properties":{"imageId":"https://iiif.ghentcdh.ugent.be/iiif/images/primitief_kadaster:550_0001_000_03265_000:550_0001_000_03265_000_0_0001","manifestUrl":"https://iiif.ghentcdh.ugent.be/iiif/manifests/primitief_kadaster:550_0001_000_03265_000"},"geometry":{"type":"Polygon","coordinates":[[[4.37561835536959,51.0453965417785],[4.37496489431498,51.0456055637909],[4.37480802092535,51.0459749353539],[4.37414536424125,51.0465326391972],[4.37361405263671,51.0469798940046],[4.37333484976133,51.04739517707],[4.3732466827,51.048048038705],[4.37258724563591,51.0488962494882],[4.37179411531469,51.0494889936849],[4.37164490135686,51.0498882658317],[4.37114404076309,51.0501528660542],[4.37113817134328,51.0505073967516],[4.37141094465956,51.0511939837858],[4.37052046321284,51.0516005986057],[4.37012783651521,51.0519133607931],[4.36965799845885,51.0529543021629],[4.36933487801872,51.0537309561273],[4.36922530060193,51.0544845482117],[4.36913634338462,51.054774644173],[4.36844996200252,51.0551354376604],[4.36781675538076,51.055807624226],[4.36781722198899,51.0565361091204],[4.36829289338428,51.057102161409],[4.36917357694334,51.0576443498799],[4.36986152327912,51.0581972144441],[4.37040997034531,51.0588995149477],[4.37066007911848,51.0599129938392],[4.37037853727926,51.0606035158344],[4.37020110384135,51.061005617822],[4.37048150830037,51.0613386571609],[4.37085101736658,51.0614535746752],[4.3713263990802,51.0615225111545],[4.37220340817603,51.061889494504],[4.37238511608885,51.0626223574091],[4.37330824454994,51.0628956877079],[4.37404776298415,51.0632472381746],[4.37493364684997,51.0637221796537],[4.37495279470502,51.0640857170885],[4.37532417176764,51.0643000865853],[4.37641985395806,51.064159625906],[4.37715008887908,51.0640431248839],[4.37794621165454,51.0639719568625],[4.37856346051299,51.0640153577432],[4.37918725101808,51.0639226536232],[4.38004175298394,51.0639889843869],[4.38072154903955,51.0640788970657],[4.3813512973697,51.0641239237151],[4.381551128019,51.0639424912248],[4.38247515768573,51.0641473762301],[4.38257965877766,51.0638757708106],[4.38347314685388,51.0642063309744],[4.38430817615139,51.0645697968996],[4.38436528675046,51.0649407090065],[4.38435257163848,51.0653673951404],[4.38441959220453,51.0658954627015],[4.38491790381335,51.0663112105713],[4.38556544106335,51.0668290442848],[4.38589241942437,51.0670548241298],[4.38706773364228,51.0680652881529],[4.38776021606818,51.0682162199005],[4.38832849946952,51.0685155056555],[4.3886331123247,51.0685974869443],[4.38893302991423,51.0683840051784],[4.38891959206128,51.0678838442595],[4.38978692443031,51.0676431594016],[4.39046843662736,51.0677880942414],[4.39101406541622,51.0683405057725],[4.39142843867962,51.0687552895303],[4.39217665555409,51.068199998733],[4.39323247627785,51.067416173717],[4.39359115275248,51.0671637332472],[4.39384895909178,51.0668534637825],[4.39401722507035,51.0666093328721],[4.39433787486768,51.0664584945801],[4.39503948781612,51.0667090179769],[4.39553607404755,51.0668879394341],[4.39656023785601,51.0669877057128],[4.39754549163629,51.0668391447473],[4.39793173971587,51.0668019880216],[4.39834867592867,51.067192590734],[4.39910268295022,51.0674886787152],[4.39970720283823,51.0672867604507],[4.39994463666212,51.0670889421664],[4.40057587450966,51.0670559921495],[4.40138720225683,51.067262305617],[4.40251964007404,51.0670129019615],[4.4030972453702,51.0666743316196],[4.40325740779971,51.0662945814014],[4.40338758464024,51.0661505273969],[4.40414754919199,51.06600564831],[4.40460859772841,51.0658893168684],[4.40495112567659,51.0653766210062],[4.40462989714624,51.0648531699403],[4.40428275533615,51.0641711619383],[4.40422822895448,51.0629386488341],[4.40444176977486,51.0625452437604],[4.40478683116071,51.0623006131352],[4.40481586727554,51.0617557601139],[4.40313020064957,51.0612651048252],[4.4005806231416,51.0605870375374],[4.40099544285281,51.0599041439944],[4.40094426635616,51.0594648879433],[4.40070855597738,51.0592410419551],[4.40071342374652,51.0586968304092],[4.40056778484433,51.0575795454123],[4.40002048743164,51.0572305402237],[4.39997890848093,51.0562758814585],[4.39938223630132,51.0555871546693],[4.39675352599171,51.0547208199101],[4.39306410583891,51.0537624217355],[4.39268254256173,51.0534356748084],[4.39207582562353,51.0532959791249],[4.39128826492027,51.0528883888696],[4.39154045112224,51.0523595744398],[4.39308337407125,51.0522702754801],[4.39481715976453,51.0521161288835],[4.39575805086897,51.0518252641939],[4.39513860082262,51.0506747669456],[4.39733438124605,51.0501361725508],[4.39835474257648,51.0502249017948],[4.39915257462649,51.0501599757373],[4.39946251426297,51.0497777940514],[4.40042907488242,51.0493471302832],[4.40087021881496,51.0490015508679],[4.4015832427455,51.0489302094203],[4.40245634622052,51.0485711880829],[4.40126036173544,51.0468362494417],[4.39913616600831,51.0466267891305],[4.39744889777144,51.0466598256079],[4.3956141844601,51.0469742096922],[4.39515343029278,51.0460639908565],[4.39393595427003,51.0457910492564],[4.393259714441,51.0450219251785],[4.3921396976296,51.0440669080894],[4.39147399789311,51.043844017591],[4.39094498711718,51.0437797498068],[4.39053818567842,51.0437511483306],[4.38661619278613,51.0420485558013],[4.3862041036324,51.0419767253486],[4.38619273592523,51.0425690363433],[4.38605431605488,51.0432491868292],[4.38566935490708,51.0435805560546],[4.38467249174602,51.0436606544795],[4.38392362144,51.0439003059451],[4.38263635193463,51.0444725374289],[4.38160433264991,51.0448573839268],[4.38081112910759,51.045716046646],[4.38060798561247,51.0463882758705],[4.38005962582037,51.045766840024],[4.37980507377096,51.0452034508748],[4.37948616260813,51.0449539921666],[4.37828564425527,51.0450010147452],[4.37847325404307,51.0457886352851],[4.37643235740166,51.045267619431],[4.37561835536959,51.0453965417785]]]}},{"type":"Feature","properties":{"imageId":"https://iiif.ghentcdh.ugent.be/iiif/images/primitief_kadaster:550_0001_000_03317_000:550_0001_000_03317_000_0_0001","manifestUrl":"https://iiif.ghentcdh.ugent.be/iiif/manifests/primitief_kadaster:550_0001_000_03317_000"},"geometry":{"type":"Polygon","coordinates":[[[4.3560443857132,51.2036768479082],[4.35290291362563,51.2057604686171],[4.34920125197186,51.2105638613377],[4.34912244392928,51.2117258456351],[4.34386138488042,51.2155066611658],[4.34417306262108,51.2160090574467],[4.345207805206,51.2163821137939],[4.34672947492552,51.2170183099421],[4.34732935985743,51.2172129391232],[4.34787748139778,51.2173142837303],[4.34799232708451,51.2182207481415],[4.34772225447866,51.2185991467759],[4.34673071452414,51.2191403339156],[4.34637112284318,51.2194828779865],[4.34194548722492,51.2193220654676],[4.34195945578495,51.220134878541],[4.34488465222156,51.2215050954679],[4.34488834284906,51.2221913219196],[4.34493255996857,51.222762441932],[4.34465282294674,51.2229802120322],[4.34370993899886,51.2232720871911],[4.34320807477758,51.2236053009605],[4.34288544132402,51.2243040599277],[4.34208471128913,51.2252136630601],[4.34180416081845,51.2258134888262],[4.34078541094006,51.2273136353305],[4.34096789878885,51.2285066946358],[4.34087560299034,51.2293185436356],[4.34098660630371,51.2298696393408],[4.33925133735435,51.2295588013133],[4.33830953184422,51.2298399612302],[4.33790285735413,51.2300765780436],[4.33803117476981,51.230471714132],[4.33902780963953,51.2310642928521],[4.33995191065088,51.2312506130913],[4.34019126894995,51.2325459536127],[4.34078303267443,51.2330181530085],[4.34089344306548,51.2334382376077],[4.34168907410841,51.2338886091766],[4.34241140673535,51.2340153261306],[4.34294401437484,51.2354671581398],[4.34351708001975,51.2357832180622],[4.34412823242313,51.2358848411377],[4.34514885830949,51.2356448299081],[4.34566677629465,51.2358289585411],[4.34502928274755,51.236941356483],[4.34876980378253,51.2385933227147],[4.35278271911433,51.2440974875785],[4.35723193512275,51.2428649780263],[4.35965534745874,51.2424029008204],[4.36183134885541,51.242185482998],[4.36360477224722,51.2418165156333],[4.36480955015119,51.2415778154882],[4.36547768062991,51.2419828042521],[4.36596888551595,51.2419918087096],[4.36631546658754,51.2419199219905],[4.3664281071485,51.2416279274364],[4.37100973507551,51.2415592638461],[4.3738284609836,51.2412732668933],[4.37560913681149,51.2412957944455],[4.37977375746021,51.2409931976483],[4.38090263606846,51.2407266921487],[4.38283283070223,51.2405691650714],[4.38409026149357,51.240622629549],[4.38629627239866,51.2416470598912],[4.38556829389121,51.2406122331514],[4.38555035286124,51.2404141127521],[4.38965087760841,51.2398740312464],[4.39213323703303,51.2395485434954],[4.39525532493254,51.2389078370284],[4.39703613283474,51.2385446062855],[4.39798895196085,51.2378811287615],[4.39823144701074,51.2377946091235],[4.39906475914079,51.2380971892078],[4.40020905209888,51.2373971186761],[4.40106062730079,51.2355074654178],[4.40163111375166,51.2333936928484],[4.40196264581441,51.2311294691944],[4.40206817046046,51.2303273790917],[4.40489486829059,51.2299681075771],[4.40475710271489,51.2292753750156],[4.40170934596329,51.2294289006362],[4.40149103316849,51.2280817313658],[4.40314313764734,51.2279565401963],[4.40309186668988,51.2275197260524],[4.4013266536019,51.2276236906221],[4.40028647990206,51.2260561309816],[4.39790604501421,51.2233194504581],[4.39698699583808,51.2218646595003],[4.39620132065043,51.2193365717772],[4.39630070752926,51.2185804670185],[4.39859881116336,51.2182165132198],[4.39836905173646,51.2177069828264],[4.39579225226454,51.2179067010532],[4.39459014046502,51.2163174563158],[4.39319292997116,51.2152899447585],[4.39273448783087,51.2151967506894],[4.39211888662744,51.2138201763146],[4.39162204299944,51.212190928957],[4.39111754098932,51.2110812547182],[4.39059329087039,51.2102145383571],[4.38890206329039,51.2093291241368],[4.37948430965805,51.2053019137465],[4.37241387043261,51.2027730091014],[4.37041551392514,51.2022731028397],[4.3700494074253,51.2018239759602],[4.36966764721699,51.2016223753059],[4.36902409431228,51.2017026718317],[4.36776795478539,51.2013795283831],[4.3560443857132,51.2036768479082]]]}},{"type":"Feature","properties":{"imageId":"https://iiif.ghentcdh.ugent.be/iiif/images/primitief_kadaster:550_0001_000_03317_000:550_0001_000_03317_000_0_0002","manifestUrl":"https://iiif.ghentcdh.ugent.be/iiif/manifests/primitief_kadaster:550_0001_000_03317_000"},"geometry":{"type":"Polygon","coordinates":[[[4.30337566031961,51.222450036528],[4.30361821852781,51.2229781706824],[4.30298673200397,51.2230061129109],[4.30013091192563,51.2297632385512],[4.29892750522738,51.2299274526764],[4.29710272927152,51.2306727103194],[4.29703312073539,51.2309464634004],[4.2973148783664,51.2312678852776],[4.29842242051717,51.2319520305362],[4.29932053804523,51.2322106599881],[4.29800935390653,51.2401071075867],[4.29718037036635,51.2404861872142],[4.29651341850265,51.2407657301119],[4.29636637947772,51.2413154045466],[4.29678863272652,51.2419478060783],[4.29713900502083,51.24220895074],[4.29671538035796,51.2457251480049],[4.29626596945429,51.2454457105486],[4.29568163887028,51.2460374467912],[4.29620955782831,51.2463416933282],[4.2965512523244,51.2471406806414],[4.29632562869355,51.2494888741464],[4.29541609706188,51.2497523616091],[4.2933660695117,51.2488141491477],[4.29278656712415,51.2492531677282],[4.29200158024371,51.2494452852594],[4.29182569425725,51.2507904286903],[4.29120062923729,51.2507298793375],[4.29097117336829,51.2517624013453],[4.29065731163884,51.2517312750305],[4.28937502649851,51.2524462038014],[4.28924546775694,51.2541594267483],[4.29052884559737,51.2541658058748],[4.29077657809489,51.260346071044],[4.30826503999974,51.263623856001],[4.30792288527382,51.2629988711308],[4.30739428719901,51.2618999158875],[4.30698100939913,51.2602169763264],[4.30697543647443,51.259480604535],[4.3087145840804,51.2583813469397],[4.3091359866453,51.2585016502481],[4.3096062864776,51.2583359496259],[4.30971082186654,51.2578356082122],[4.31376148923123,51.2570821999934],[4.32135728727009,51.2559332239295],[4.33087715430918,51.2545030205043],[4.33392683394227,51.2536824488046],[4.33981756708577,51.2516109514436],[4.34126221666606,51.2511292439044],[4.34359267439357,51.2494772461457],[4.34783074098774,51.2462517311108],[4.35586801763221,51.2427004534226],[4.34939624247338,51.2380992317919],[4.34864030109977,51.237661416796],[4.34595777874477,51.2364776614646],[4.3452269701492,51.2360884678073],[4.34474228576359,51.2357590729852],[4.34414262329174,51.2353594555083],[4.34238370934906,51.2344550498819],[4.34012791632269,51.2338553743737],[4.33670699791031,51.2334785127888],[4.33675016909228,51.2331999920163],[4.32943005177568,51.2317002855366],[4.32920417574458,51.2321042201318],[4.32877465721452,51.232382741705],[4.32745886260674,51.232114394017],[4.32639858347243,51.2317087002479],[4.32418418525092,51.2310305461924],[4.32080829716934,51.2306844176491],[4.31973887437123,51.2307572900356],[4.31839240730881,51.230435227005],[4.31347365006215,51.2317634041444],[4.31188505210431,51.2313407317615],[4.31060183148864,51.231347745443],[4.30915760264587,51.231537618546],[4.30870429721925,51.2316344611087],[4.30653245741796,51.2313197537566],[4.30613794199663,51.2301839927914],[4.30706923650736,51.2301787843998],[4.30712805648701,51.2283072743593],[4.30740518790002,51.2274835046637],[4.30743548404112,51.2270701737732],[4.30720147831665,51.2270597838914],[4.30836192330179,51.2255625535352],[4.30867932050683,51.224098230097],[4.30803321673389,51.2225768986428],[4.30536802862303,51.2227198767029],[4.30524644813109,51.2223383433409],[4.30347150326339,51.2223044927663],[4.30337566031961,51.222450036528]]]}},{"type":"Feature","properties":{"imageId":"https://iiif.ghentcdh.ugent.be/iiif/images/primitief_kadaster:550_0001_000_03317_000:550_0001_000_03317_000_0_0003","manifestUrl":"https://iiif.ghentcdh.ugent.be/iiif/manifests/primitief_kadaster:550_0001_000_03317_000"},"geometry":{"type":"Polygon","coordinates":[[[4.29470218805714,51.2065284356517],[4.29448546956103,51.2073504957106],[4.29630153898987,51.2075901082128],[4.29631441680399,51.2079483288063],[4.29676201995168,51.2079826093009],[4.29676634581651,51.2087699678615],[4.29800536484227,51.2096406256122],[4.29905338790082,51.209770554463],[4.29829595752074,51.2116985688361],[4.29777118462344,51.2125461284313],[4.29714330794108,51.2131839147898],[4.29611478012855,51.2148198403217],[4.2953109798168,51.2151078534353],[4.29363068878076,51.2151378537517],[4.29220708780907,51.2152385304741],[4.29068986682233,51.2147474230011],[4.29019636626233,51.2146534632871],[4.28979757968791,51.2152324338304],[4.28983945485244,51.216021346264],[4.28904043943264,51.2164600358842],[4.28869662436379,51.2167607127252],[4.28816893995896,51.2168868747666],[4.28740247110253,51.2168500068775],[4.28675231608206,51.2174861859238],[4.28630000303949,51.2178445382803],[4.28626901422955,51.2183664752928],[4.28472504248549,51.2191860207356],[4.2846014843636,51.2197427072411],[4.28491254411378,51.2197899637206],[4.28495332338231,51.2205794063544],[4.29339314066933,51.2209546466292],[4.29806518813031,51.2212169191621],[4.30197867934456,51.2205149083364],[4.30302208764274,51.2218544846068],[4.30360528012041,51.2229475378902],[4.3047206706509,51.2229062272443],[4.30493904103007,51.2231622888628],[4.30769982962195,51.2229660623705],[4.30781297614549,51.2250288268952],[4.3067451801744,51.2266819234281],[4.30643103389083,51.2274575458206],[4.30632905688658,51.2294987633234],[4.3052729956784,51.2296579479206],[4.30552298863202,51.2307037613917],[4.30584476026319,51.2320526246965],[4.30820673335279,51.2323729215617],[4.31036927892123,51.2322391077451],[4.31140576148994,51.2319164641272],[4.31240347690342,51.2321048682007],[4.31396246771369,51.232596649474],[4.32129118959364,51.2310003887468],[4.32223320105753,51.2312790540674],[4.32283143997002,51.2313027651003],[4.32373845510294,51.231673506456],[4.32551831294929,51.232056810861],[4.32593647071288,51.2321616803749],[4.32717420434731,51.232676874963],[4.32828467590043,51.2328919375011],[4.32919465079564,51.2328737883969],[4.32984895068991,51.2325257970267],[4.33044982350665,51.2325312188169],[4.33230954591154,51.2332283447324],[4.33413293664519,51.2337111310768],[4.33597586335541,51.2342130951908],[4.33606908032297,51.2344998057392],[4.33854996177877,51.2346906305885],[4.34086901891594,51.2348452825857],[4.34489710098433,51.2366733488961],[4.34657326694291,51.2377096830639],[4.34774679837796,51.2380593869308],[4.34835377873993,51.2387010941022],[4.35151980404104,51.2445947123933],[4.35521215571745,51.243226990405],[4.36036693060149,51.2422727008868],[4.36439285180262,51.2418116951673],[4.36490069794889,51.2417760817421],[4.36559135584429,51.2420586754734],[4.36606287083027,51.2419996015478],[4.36618819457354,51.2416104934081],[4.36940129729344,51.2417989984845],[4.37259585696206,51.2415764146657],[4.37730076919729,51.241451887925],[4.3798814692663,51.241279252895],[4.38200783854263,51.2408590879706],[4.38373615117173,51.240921791929],[4.38482910587596,51.241442663593],[4.38530227884553,51.2414908822197],[4.38564771199677,51.2413739139504],[4.38551927506707,51.2409259980525],[4.39167124370239,51.2402834031368],[4.39177925041859,51.2391772890476],[4.39196048692679,51.2381656095883],[4.39360011052165,51.2377945318797],[4.39288901810602,51.2355563170514],[4.39203245398665,51.2347177428604],[4.39186885218656,51.2338112414137],[4.39148630348007,51.2333627316503],[4.38964489822952,51.2331319484363],[4.38949951936403,51.2325196268755],[4.38988366840962,51.2315802797629],[4.39019379297243,51.2315345292084],[4.39004990184292,51.2304993232173],[4.39162120217199,51.2296012083441],[4.39100621252207,51.2280949558253],[4.39100974710956,51.2272848184279],[4.39081397821769,51.2262980047104],[4.39038445840493,51.2248765193057],[4.39021209232884,51.2234452909063],[4.39062250993578,51.2223338384653],[4.39019540632045,51.2211253436254],[4.38956475541217,51.2203145417819],[4.38846732575122,51.2188816956772],[4.3892255435299,51.2179722963114],[4.38879913416387,51.2156195884619],[4.38769127621147,51.2092350471202],[4.38541525041158,51.2081988320484],[4.38295724009396,51.2072792165255],[4.38083419010108,51.2060343771645],[4.36911536564735,51.2019467893131],[4.3692483629401,51.2016322329674],[4.36856046297456,51.2015950648059],[4.36373482059075,51.2071222070872],[4.36100931548148,51.2098802036388],[4.36068476885106,51.2098089633404],[4.35962886324905,51.2100270437316],[4.35850479444828,51.2100695389519],[4.35717230421259,51.2105081664791],[4.35605569317284,51.2110058460686],[4.35441872835296,51.2106016897557],[4.35302560245661,51.212020033833],[4.35198054236904,51.2125520680663],[4.35106374952608,51.214416465634],[4.34983235921002,51.2151568272215],[4.34966157429626,51.2154713038122],[4.34368121658935,51.2148337151206],[4.34183328215415,51.2137043107292],[4.34061940598938,51.213173832716],[4.33954595220016,51.2127843251272],[4.33847650718904,51.2122558921728],[4.33813299525023,51.2116500357594],[4.33758706778021,51.2111595211197],[4.33453823072835,51.2096249205522],[4.33315055718742,51.2086900911157],[4.33107789077533,51.2081011544643],[4.32916478281856,51.2073496209481],[4.32784624868107,51.2066699110706],[4.32720190107014,51.2059696660577],[4.32708083693492,51.2055971011569],[4.32699167831856,51.2044106444103],[4.32684385632385,51.2033517648257],[4.32611256134767,51.2021045933467],[4.32486514048129,51.2010417668325],[4.3225036804773,51.1996032716946],[4.31968693405911,51.1991755324859],[4.31810732326851,51.1993681889001],[4.31494215635306,51.1999512529776],[4.31392622538225,51.2003549139239],[4.31349801447821,51.2007486538968],[4.31146376600476,51.200289856833],[4.31072637626214,51.2016815172946],[4.31078390662563,51.2026106561807],[4.30933732101563,51.2032799215818],[4.30816540744791,51.2030561156512],[4.30676743199973,51.2031105126799],[4.30584709621771,51.2019594331595],[4.30535236286461,51.2017610609537],[4.30354508999188,51.2017923136504],[4.30259712797533,51.2003280806945],[4.30110994933296,51.2010687543976],[4.29787659080315,51.20101802452],[4.29864388469845,51.2033402948589],[4.29752491578455,51.2031538319057],[4.29510427222536,51.2049164222537],[4.29470218805714,51.2065284356517]]]}},{"type":"Feature","properties":{"imageId":"https://iiif.ghentcdh.ugent.be/iiif/images/primitief_kadaster:550_0001_000_03317_000:550_0001_000_03317_000_0_0004","manifestUrl":"https://iiif.ghentcdh.ugent.be/iiif/manifests/primitief_kadaster:550_0001_000_03317_000"},"geometry":{"type":"Polygon","coordinates":[[[4.35896144640766,51.2358217092497],[4.35911902467204,51.2368491842398],[4.3598724831621,51.2388500199874],[4.36115949695855,51.2416901228097],[4.36248872990084,51.2417104940757],[4.36463143390079,51.2411725464329],[4.36785305994006,51.2407550137183],[4.37047468901358,51.2406408246561],[4.37130533941242,51.2406345084929],[4.37220383084124,51.240948997284],[4.37252865405203,51.2405988456193],[4.37654351498673,51.2409653267037],[4.37919712980292,51.2406893428938],[4.38119356406933,51.2407015004828],[4.38337962486105,51.240464230836],[4.38439824467858,51.2403546924676],[4.38602910165085,51.2404819340263],[4.38659161428015,51.2409310576531],[4.38716143231854,51.2408176729801],[4.38691079531405,51.2403660404858],[4.39082415924749,51.2398962817849],[4.396923856153,51.2391685263682],[4.39943027981295,51.2382344545368],[4.4005995133866,51.2386629781009],[4.40207224446241,51.2378917156909],[4.4029547204296,51.2371836538899],[4.40272157278938,51.2368724332043],[4.40193910754901,51.2365156624055],[4.40146604072995,51.2362303338337],[4.40231330166417,51.2340932468648],[4.4028132518339,51.2325759586564],[4.40267555450118,51.2313029330477],[4.40251843842903,51.2308137620704],[4.40298298254029,51.2307086458764],[4.40261878711281,51.2304462564541],[4.40224887650053,51.2303870334323],[4.4021944946788,51.2302334646135],[4.40197655330137,51.2293969433359],[4.40161123625859,51.2281967930098],[4.40089576997452,51.2272851099509],[4.39905797754337,51.2256715460541],[4.39778404180162,51.2244586624497],[4.39800669636856,51.2240271073338],[4.39757886261591,51.2238265072334],[4.39716262120547,51.2237283455932],[4.3966227481342,51.2213990188586],[4.39642138939263,51.2208817821873],[4.39710974902327,51.220695892838],[4.39762820243078,51.2205332628894],[4.39737226691526,51.2203339159115],[4.39624301528142,51.2203955782135],[4.39557804091527,51.2193727547063],[4.39473208270597,51.2186812269328],[4.39392182187076,51.2181398124555],[4.39344982095159,51.2181211409152],[4.39326214502541,51.2173801020337],[4.38578860755931,51.2173251964115],[4.38720233385376,51.2184414917287],[4.38915858554097,51.2204033638193],[4.38950748991833,51.2208812911458],[4.38805279013492,51.2208848144284],[4.38821754485461,51.2214390970842],[4.38781357791904,51.2222899488469],[4.3879012958213,51.2224442272633],[4.38888693247472,51.2227368693467],[4.38977282473932,51.2229958640624],[4.39007626303149,51.2232428492589],[4.39108020189473,51.2235391460971],[4.39017291919168,51.2238702388019],[4.38988784596139,51.2243015455022],[4.39047479237162,51.2245547873951],[4.39152695226782,51.2243172458726],[4.39250526450347,51.2260627669608],[4.39213218016585,51.2262922416048],[4.3917552637404,51.2266080632039],[4.39210479804274,51.226671260122],[4.3926380330482,51.2264462657065],[4.3939849958219,51.2287180015637],[4.39426035354246,51.2296780599495],[4.39400814312089,51.2296878885622],[4.39398832063179,51.2299075281898],[4.39429204886457,51.2300744900768],[4.39449978889065,51.2319247593408],[4.39391791903815,51.2319927322736],[4.39397627651015,51.2321958033983],[4.39441538980709,51.23233318611],[4.39442073828446,51.2335268801736],[4.39423730977219,51.2342957437068],[4.39328606975584,51.2350196720392],[4.39268188280336,51.2347533723142],[4.39240625600961,51.2349984867729],[4.39256243508416,51.235230409821],[4.39039455237735,51.2357970443698],[4.38851982392938,51.2358351823117],[4.38835798510222,51.2355476127355],[4.38801070022672,51.2356179368936],[4.3880662403881,51.2359881775969],[4.38152403871928,51.2363869983297],[4.37959790039669,51.236330892917],[4.37866993617703,51.2360600401015],[4.37731587650461,51.2360664485178],[4.3754333002795,51.2360794738107],[4.37529803968047,51.2356766721157],[4.37489821358979,51.2357292474156],[4.37499845550331,51.2361697042207],[4.37076635258712,51.2361238091047],[4.36842392360785,51.2358137366779],[4.3663758362789,51.2356567927954],[4.36555350575961,51.2355457353378],[4.3649671767576,51.2356100674869],[4.36123893634224,51.2359228439645],[4.36003919099712,51.2360270900888],[4.35933932985722,51.2355305024271],[4.35896144640766,51.2358217092497]]]}},{"type":"Feature","properties":{"imageId":"https://iiif.ghentcdh.ugent.be/iiif/images/primitief_kadaster:550_0001_000_05917_000:550_0001_000_05917_000_0_0001","manifestUrl":"https://iiif.ghentcdh.ugent.be/iiif/manifests/primitief_kadaster:550_0001_000_05917_000"},"geometry":{"type":"Polygon","coordinates":[[[4.02001355646257,51.0409116094112],[4.01876970701744,51.0407792702353],[4.01758699733282,51.0406770544847],[4.01631947409331,51.0405355213801],[4.01530821435379,51.040417126548],[4.01428508579608,51.0402904982845],[4.01305503604962,51.0402545385792],[4.01231248906263,51.0402126106456],[4.0115461011761,51.0399782975993],[4.01102296932827,51.039883257541],[4.01037830507155,51.0396413839821],[4.00983092111107,51.0394613022582],[4.00910108612387,51.039241357988],[4.00838372308512,51.039213241463],[4.0084813487461,51.0395289835827],[4.00848164245735,51.0399668809998],[4.00861527675975,51.0404747255134],[4.00876078706316,51.040828918027],[4.00899004438119,51.0416592742187],[4.0089030840791,51.0422876165184],[4.00874243797597,51.0429534542048],[4.00866712951074,51.0434202748822],[4.00900693953472,51.0434146700595],[4.00900572358789,51.0436137409981],[4.00992740117383,51.0437415183696],[4.01088575078258,51.0438920927763],[4.01114947665512,51.0443524016913],[4.01138732044028,51.0449498766679],[4.01172159200094,51.0455703398813],[4.01200550488372,51.0463046379212],[4.01230025528967,51.0470995389561],[4.01264314346041,51.0478942596799],[4.01295023538679,51.0486122976095],[4.01330419262287,51.0494599672135],[4.01362368318773,51.050155013693],[4.01361951018558,51.05046732071],[4.01334358726707,51.0510598250201],[4.01294405625365,51.051780886134],[4.01245642847221,51.05271444635],[4.0119321002387,51.0536781404964],[4.01160826627474,51.054231933045],[4.01129523936371,51.0549153938545],[4.01103312297763,51.0554392998338],[4.01076213992487,51.0556887833694],[4.0103576204663,51.0558991225063],[4.00995189472062,51.056223793072],[4.01013278661007,51.0563929485942],[4.00948571097368,51.0565174926012],[4.00931659460994,51.0563865239898],[4.00795497168543,51.0561620491368],[4.00563567068774,51.055662357624],[4.00408201225505,51.0553821756163],[4.0032351297005,51.0550394265217],[4.00195311058205,51.054570959009],[4.00064740255161,51.0541710206455],[3.99947647916724,51.0537954371289],[3.99907839041711,51.0536779008964],[3.99914112904861,51.0535261436882],[3.99934624242715,51.0535811381584],[3.99953552425384,51.0530650962495],[3.99968542958479,51.0527696093501],[3.99874662912372,51.0524349932139],[3.99801321662759,51.0522090620029],[3.99751204898364,51.0525320331147],[3.99700203059058,51.0526801607089],[3.99676276977865,51.0525567983724],[3.99586459498685,51.0527928611367],[3.9958367147435,51.0529901653842],[3.99521794023612,51.0531294156773],[3.99444203111616,51.0532594502787],[3.99385895759544,51.0534061375478],[3.99319175660896,51.0535138035832],[3.99214990618338,51.0535793011445],[3.99142121096208,51.053700858061],[3.99077701143441,51.0538231311301],[3.99012284610353,51.0538156429841],[3.98988118985566,51.0537747218611],[3.98897383417588,51.053664696287],[3.98794273438683,51.0536593516627],[3.98725289696797,51.053543568328],[3.98680286570852,51.053591075194],[3.9854918002313,51.053550567593],[3.98457127260983,51.0533620777455],[3.98388147015798,51.0531611732974],[3.98304547114965,51.0529579694916],[3.98198111354999,51.0525289797664],[3.98106323688158,51.052009497249],[3.98018339469978,51.051305691516],[3.98000478204774,51.0509650171991],[3.98029470780632,51.0500929176581],[3.98094002715172,51.0489407378456],[3.98144980776442,51.0477773666449],[3.98177111513363,51.0471729526205],[3.98219665458232,51.0473496472526],[3.98292404437513,51.0479171407932],[3.98331188477275,51.0482011974234],[3.98372515251892,51.0483546380254],[3.98411449747465,51.0484537719739],[3.98421360690143,51.0482937490888],[3.98399762550676,51.0478892350206],[3.98365930090726,51.0474745480775],[3.98358716370401,51.0473266656709],[3.98391894446996,51.0469617877691],[3.98332315822001,51.046619303888],[3.98369143793677,51.0461307762184],[3.98399789480711,51.0457259450298],[3.98453541791084,51.0454410251476],[3.98477956648164,51.0453678447215],[3.98436535081697,51.0451049905147],[3.98442679464939,51.0447805929296],[3.98454907910658,51.044131527351],[3.98465868533661,51.0437612037211],[3.98443934726236,51.0435871859571],[3.98435403121949,51.0433921430291],[3.98447572783937,51.0432235886799],[3.98439043975278,51.0430906093246],[3.98465804106765,51.042761688003],[3.98423202554702,51.0422912798288],[3.98359999285045,51.0417496682181],[3.98283518978483,51.0412000713297],[3.98228952290229,51.04077758193],[3.98175647344977,51.0403405331173],[3.98167219207978,51.040139811767],[3.9817094214658,51.0399329966302],[3.98168805640428,51.0392501865101],[3.9816062695647,51.0385981947955],[3.9816461314274,51.0379637608381],[3.98163854166772,51.0371995071268],[3.98159741403601,51.0360693021082],[3.9816911281123,51.0348428817048],[3.98177537804198,51.0333581241066],[3.98183194598515,51.0323685684113],[3.98203670570091,51.031091594917],[3.98175289502227,51.0302646348653],[3.9816583676228,51.0299813091953],[3.98086370297821,51.0293221624614],[3.98034497848724,51.0289794155153],[3.97978715196226,51.0289335437935],[3.97954563584278,51.0287853100247],[3.97963179234766,51.0286415873976],[3.97954876914239,51.0284039861132],[3.97918514855255,51.0283303222532],[3.97899561573469,51.0277249736672],[3.97928780592277,51.0276297969816],[3.97930442625309,51.0270346999789],[3.97930848959472,51.0264621302879],[3.97908010502092,51.0260923800784],[3.9790690185913,51.0259241776719],[3.97858597264286,51.0253903360944],[3.9784665317254,51.0249759877528],[3.97885696243429,51.0246908561039],[3.97901695770706,51.0242418999199],[3.97905567141653,51.023592187633],[3.97936038828187,51.0233438344549],[3.97985895202824,51.0233507010328],[3.98038178975558,51.023334970019],[3.98051587979293,51.0231990381916],[3.98050419638441,51.0229998169389],[3.98031029217618,51.0226372245591],[3.98032275648779,51.0223233415814],[3.98059036044695,51.0219592219202],[3.98061449468851,51.0216376374103],[3.98046817434932,51.0213443207283],[3.9800053962807,51.0210466839405],[3.97931130891704,51.0207842982668],[3.97932304548381,51.0206464043995],[3.97939545885872,51.0204786195369],[3.97945516499942,51.0201955518392],[3.97981904664691,51.0199701595343],[3.97992624095472,51.0195417076149],[3.98008271310641,51.0192750129265],[3.98042029221962,51.0188569611884],[3.98083130920847,51.0185626173265],[3.98040417493911,51.0183419259841],[3.97991835393935,51.0183894740859],[3.9796734159583,51.0181634830497],[3.97956266596166,51.0180006805727],[3.97928194272372,51.0178664541966],[3.9789515722949,51.0176163203951],[3.97879210747529,51.0174528945579],[3.97898503368646,51.0172785099363],[3.97954712084066,51.0176084722227],[3.98044260928294,51.0172122029513],[3.98020948525601,51.0169785338521],[3.97994156889252,51.0169136600738],[3.97974616109025,51.0168112357941],[3.97976726572879,51.0164960970769],[3.97920311160274,51.0159813795149],[3.97850451316976,51.0153958029043],[3.97805116782784,51.0150286819038],[3.97769395376667,51.0145626663763],[3.97769047734723,51.0142393343079],[3.97749482453863,51.0141138810083],[3.97741855831955,51.0137973587885],[3.97684597041751,51.0136213738314],[3.9768669986127,51.0133136668637],[3.97680270318962,51.0129741489075],[3.97701911707146,51.0127763852216],[3.97688329936273,51.0125592190279],[3.97659098329201,51.0124635206981],[3.97682918868234,51.0120271733522],[3.97652073575184,51.0115307824984],[3.97673676721109,51.011294332303],[3.97684161220053,51.0108563020002],[3.9771230381022,51.0098343445816],[3.9775050164139,51.0091445667641],[3.97788910368785,51.0086704913105],[3.97803194753762,51.0083326677056],[3.97875686767774,51.0079928923814],[3.9793971028031,51.0076598350366],[3.9797462690962,51.0072852453588],[3.98038776496082,51.0070985580233],[3.9806897767001,51.0069008322039],[3.98084633591148,51.0067016931182],[3.98169346484017,51.006331509507],[3.98204448131895,51.0061649669633],[3.98226390380653,51.006398568055],[3.98226496826912,51.0066224285616],[3.98283481904551,51.0065582554987],[3.98348887155054,51.0063017818696],[3.98426460238112,51.0060617282684],[3.98489570585402,51.0060364969233],[3.98527160591869,51.0059162556084],[3.98603626400488,51.00583800255],[3.98630321387162,51.0057785179301],[3.98684959352298,51.0057445983227],[3.9872627187989,51.0058022235593],[3.98788174257195,51.0056606174235],[3.98791755372394,51.0054445084072],[3.98850034166034,51.0053256534605],[3.9892654301968,51.0051927070506],[3.98975101634804,51.0049955515536],[3.99041890436992,51.0047533232199],[3.99122058476569,51.0044655430238],[3.99211994117215,51.0043329353292],[3.99278882391577,51.0045233602666],[3.99361593877027,51.0048463385236],[3.99404171946329,51.0050581733057],[3.99421230178405,51.0053533729597],[3.99445553689884,51.0054246748664],[3.99472287857913,51.0053258799271],[3.99534284860567,51.0052138965888],[3.99571978079256,51.0051931137769],[3.99601156003518,51.0050943571996],[3.99619391338235,51.0049871504075],[3.99694798552666,51.0049917767843],[3.99731289796693,51.0050171767242],[3.99760485691605,51.0051272597293],[3.99781163221824,51.0049581684038],[3.99804277680131,51.0048279051326],[3.99829833606716,51.0044500775484],[3.99806721838129,51.0041314542744],[3.99741019489597,51.0038800480899],[3.99784865489665,51.0029617173718],[3.99884643839914,51.0034547108203],[4.00024610211944,51.0038257218696],[4.00180434711393,51.0041427699269],[4.00290044457723,51.0041940316476],[4.0046426866253,51.0042241989043],[4.00677581429912,51.0042934443687],[4.00858065449166,51.0044147336669],[4.00948316967715,51.0045794748993],[4.0113867758684,51.0048078895453],[4.01276616574685,51.0050345427305],[4.01399931904279,51.0053300630993],[4.01546513265527,51.005640826576],[4.01667486096016,51.0059199587297],[4.01842270090688,51.0064923723043],[4.01977986782448,51.0070793530604],[4.02105178647363,51.0078355045584],[4.02211612309403,51.0086990872972],[4.02297283750194,51.0096007726328],[4.02397724689232,51.0103553574436],[4.02577902336416,51.0111779985236],[4.0267231365176,51.0115467288068],[4.02767974536965,51.0119846742323],[4.02864880726302,51.0124456488421],[4.02975281745763,51.012898828981],[4.03134735384793,51.0134749758875],[4.03209550817948,51.0137516658981],[4.03321168607979,51.0142515016042],[4.03404573300852,51.014666931822],[4.03510048734455,51.0152441622056],[4.03633851007839,51.0157988150931],[4.03763732311073,51.0163925059386],[4.03910680006613,51.0170024410159],[4.04062437393386,51.0176131866679],[4.04143198955053,51.0180767806572],[4.0420438677159,51.0186095006412],[4.042557871295,51.0192654820513],[4.0428518085237,51.0200830397069],[4.04315758134208,51.0208855770006],[4.04348738407544,51.0215728458619],[4.04440285686204,51.0222157331317],[4.04590358857374,51.022891527411],[4.04756202558293,51.0236376836972],[4.04949969351594,51.0245781587776],[4.04958226685844,51.0255982288008],[4.04854550716648,51.0256028417041],[4.0471530160997,51.0262249204871],[4.04687242681829,51.026231865178],[4.04660437325387,51.0261306066374],[4.04557834841426,51.0265221779575],[4.04407523426771,51.0272145761774],[4.04367200232176,51.0273683778993],[4.04376898975302,51.0275311348868],[4.04303540421505,51.0278932706032],[4.04276773112328,51.0276991299294],[4.04229234863688,51.0275587236357],[4.04182853192747,51.027573194939],[4.04148581862512,51.0278202540319],[4.04159283962852,51.0284788083258],[4.04210278102731,51.0290375463365],[4.04231943401658,51.0296267634434],[4.04248419660138,51.0307041507643],[4.04231584772562,51.0322152593038],[4.04184427669715,51.033307678056],[4.04034544970155,51.0329500009455],[4.04032359810876,51.0325932931818],[4.03994590565302,51.0324844653522],[4.03951675657197,51.0327401421383],[4.03851325986163,51.0330422596428],[4.03760810940122,51.0332283301567],[4.03661578971962,51.0336086682301],[4.03596641787513,51.0338494781711],[4.03609876428507,51.0341132349675],[4.03580357385431,51.0343616826516],[4.03535073213882,51.034455099644],[4.0350329511323,51.0344631100751],[4.03495338731136,51.0352389120693],[4.03494935697284,51.035727420514],[4.03513096109082,51.035928786874],[4.03469988107692,51.0363322663565],[4.03395945127751,51.0371775477599],[4.03360305386645,51.0374103110442],[4.03341907644324,51.037487982885],[4.03321881778907,51.0380300116285],[4.03304259844235,51.0386103671865],[4.03308596318398,51.0392209844367],[4.03316766203859,51.0396380915513],[4.03341968802884,51.0401243363855],[4.03310888566101,51.0406958579649],[4.03257889722954,51.0411900843189],[4.03213869297964,51.0412367726265],[4.03201807450578,51.0410749594882],[4.03148158051122,51.0409675561048],[4.03134510083466,51.0411912956449],[4.02956047610751,51.0413086891985],[4.02836282998145,51.0413637474621],[4.02794899951443,51.0411947202733],[4.02747650111783,51.0407407872404],[4.02724892524438,51.0416263852022],[4.0270890506804,51.0417496037294],[4.0236361298025,51.0413588809881],[4.02001355646257,51.0409116094112]]]}},{"type":"Feature","properties":{"imageId":"https://iiif.ghentcdh.ugent.be/iiif/images/primitief_kadaster:550_0001_000_05922_000:550_0001_000_05922_000_0_0001","manifestUrl":"https://iiif.ghentcdh.ugent.be/iiif/manifests/primitief_kadaster:550_0001_000_05922_000"},"geometry":{"type":"Polygon","coordinates":[[[3.98064259137812,51.0491575955076],[3.97871119295773,51.047550316456],[3.97709809204901,51.0440505170016],[3.97191105603249,51.0391676750539],[3.96687130221744,51.0345988740073],[3.96621123218368,51.0334755007281],[3.96452609740437,51.033825186505],[3.96342962172126,51.0340266009133],[3.96151787722439,51.0342602534178],[3.96036168346406,51.0323754240007],[3.95911255970563,51.0332786950308],[3.95853923094829,51.0334312088497],[3.95741883264406,51.0329740008791],[3.9563890040643,51.0320788548243],[3.9555822190095,51.0306376317336],[3.95565506558274,51.0297238754178],[3.9529778276788,51.0295376280118],[3.95297690298455,51.0293753431957],[3.95222349808844,51.0289845072401],[3.95190945920045,51.0285506483839],[3.95127251746885,51.028624227947],[3.95089970434982,51.0288064914516],[3.94992215323951,51.0285134718208],[3.94808594391377,51.0283595987615],[3.94779129291307,51.0280620654672],[3.94819919016353,51.0272180739324],[3.94814137815576,51.0267903545561],[3.9473052186525,51.0269161943053],[3.94553660725288,51.0272867942974],[3.94491492985019,51.0276308975263],[3.94204997727355,51.0273689070239],[3.94100543063784,51.0270973347114],[3.9420063011877,51.0253783506315],[3.94192756414688,51.0249326240248],[3.9411741217905,51.0243391934534],[3.94056063502743,51.0233350877634],[3.93989632580879,51.0231952159335],[3.93924134248389,51.0229617690569],[3.93805811419866,51.0222086764537],[3.93620177816334,51.02100977098],[3.93559156569741,51.0204331869252],[3.93517618880049,51.0201344099718],[3.93467097940182,51.0196148488821],[3.93455078938277,51.0191981689485],[3.9342691892236,51.0186604841752],[3.93369708769323,51.0181860933519],[3.93279605715494,51.0171416699021],[3.93301868605879,51.0167488132885],[3.93304892065317,51.0159063686652],[3.9326701397388,51.0152025817563],[3.93170492659809,51.0146879098481],[3.93121826264789,51.0140755098638],[3.93099466381732,51.0135552978821],[3.93069143326328,51.0133609255562],[3.9304465488432,51.0136047782697],[3.92946918254027,51.0133555706778],[3.93141974117593,51.0122939993449],[3.93405110995168,51.010953027748],[3.93465483295969,51.0115208452489],[3.93393436212405,51.0119636437833],[3.93556802435408,51.0131649516829],[3.937591920925,51.0113269629325],[3.93793493496719,51.0109534789523],[3.94015305846929,51.0096689999114],[3.94210247007721,51.0088863547462],[3.94396847329336,51.0084850495375],[3.94703062591067,51.0081292891985],[3.94723861324781,51.0074201922634],[3.94904746939204,51.0076951507117],[3.94958245375764,51.006470181674],[3.94916994898215,51.005929437552],[3.95032118468024,51.0057653606088],[3.95057274840732,51.0061615070779],[3.95137684140898,51.0066076401794],[3.9531310257385,51.0070796393769],[3.95499645086383,51.0076972215528],[3.95624959369979,51.0082398058458],[3.95692012117967,51.0088087283722],[3.95723433201779,51.0093572596776],[3.95739653507238,51.0099548736596],[3.95765214461724,51.0106181410796],[3.9578801266216,51.0110078830935],[3.95822059027741,51.0113783534098],[3.95939452443261,51.0121140108431],[3.96073402708348,51.0130658192563],[3.96133250163137,51.0137256108717],[3.96165210765366,51.0143281612585],[3.96176807591179,51.0150081283633],[3.96194687681788,51.0159533121148],[3.96199224857253,51.0172779740972],[3.9620811587814,51.0187376818736],[3.96228993500285,51.0197663058529],[3.96258673744902,51.0202455477818],[3.96295588257223,51.0208488985818],[3.96362018283457,51.0213272040109],[3.96427136306694,51.021454267904],[3.96542612865194,51.0213156300786],[3.9669729557955,51.0209820034269],[3.96798647180764,51.0206959733261],[3.96928625784404,51.0201847782247],[3.96972236884685,51.0199346395895],[3.9704034843965,51.019781075644],[3.97152733909085,51.0198037924186],[3.97126627800525,51.0205075418873],[3.97091229292603,51.0205387799691],[3.97053244935951,51.0208353931678],[3.97068340806365,51.0211493287134],[3.9713279158502,51.0214867807863],[3.97134577708414,51.0219173235137],[3.97253572151743,51.0224726925055],[3.97457146725055,51.0232423080296],[3.97523831494055,51.0233280692566],[3.97571162731812,51.0232981077507],[3.9777425590178,51.023607829128],[3.97993760663612,51.0239807733901],[3.97950942378342,51.0249939765715],[3.97940480425195,51.0251945693826],[3.97898932014257,51.0254871446367],[3.97911548389209,51.0257964054253],[3.97950599868958,51.0259980184325],[3.97969900876371,51.0263685790234],[3.97972646314387,51.0267062685035],[3.97953693197337,51.0272948042143],[3.97965185734482,51.0276118815005],[3.97934263112096,51.0280784769987],[3.97961968315014,51.0282189933198],[3.97988632824899,51.0283444317154],[3.97989100327994,51.0286976957706],[3.98027714478524,51.0288485056203],[3.98070357618431,51.0288197253212],[3.98096303714649,51.0290435037735],[3.9815849228695,51.0291471215823],[3.9817051516295,51.029451367176],[3.98156984939963,51.0296220233519],[3.98160313669359,51.0298115205899],[3.98220757001455,51.0301497430833],[3.98247009114966,51.0306853510992],[3.9820959334262,51.0372187257912],[3.982059478353,51.0395786952697],[3.98204331043417,51.040123082992],[3.98234857978001,51.0405668062896],[3.9847639574301,51.0423904532223],[3.98516558833518,51.0426830098588],[3.98514296190883,51.0428207683408],[3.98487476187474,51.0426845885559],[3.98444272265997,51.0427907622481],[3.98417846378926,51.0430771463229],[3.98450704388682,51.0432145628029],[3.98435622249648,51.0434418925048],[3.98460727620024,51.0434855197756],[3.98460353097893,51.0438465385049],[3.98412671863009,51.0449817684896],[3.98494873242147,51.0453215459562],[3.98368676814469,51.0457876603787],[3.98327105207925,51.0464328172729],[3.98301450372891,51.0466045095122],[3.98378529769379,51.0468277658454],[3.98328228874508,51.0471944364874],[3.98396002703895,51.0473696821719],[3.98396531353856,51.0474543952083],[3.98344199311396,51.047320727947],[3.98384967989986,51.0476828008608],[3.98407333950526,51.0482181004484],[3.98402845086384,51.0484710534768],[3.98364834166643,51.0486633962381],[3.98312937128276,51.0486221779612],[3.98248381340017,51.0483476645189],[3.98179163781336,51.0479030388855],[3.98118691966542,51.0472833004782],[3.98088732410681,51.048700711527],[3.98064259137812,51.0491575955076]]]}},{"type":"Feature","properties":{"imageId":"https://iiif.ghentcdh.ugent.be/iiif/images/primitief_kadaster:550_0001_000_05925_000:550_0001_000_05925_000_0_0001","manifestUrl":"https://iiif.ghentcdh.ugent.be/iiif/manifests/primitief_kadaster:550_0001_000_05925_000"},"geometry":{"type":"Polygon","coordinates":[[[3.92902184108374,51.0685032796247],[3.9303519180913,51.0580225963558],[3.93169309711038,51.0552811449245],[3.93187176562574,51.0533688864771],[3.93288291126694,51.0512075086671],[3.93461365060071,51.0462113212548],[3.93532433911662,51.0425192802282],[3.93571672766137,51.0389133677827],[3.93614326415529,51.0353468765226],[3.93649897239272,51.0347488419654],[3.93851227304406,51.0346597076828],[3.93807405971394,51.0343009247086],[3.94079329210941,51.0330027687889],[3.94144678861765,51.0333250400303],[3.94224497586929,51.0323741925096],[3.94323067351388,51.0304234647046],[3.95613275633327,51.0303838309087],[3.95712873522874,51.032517857278],[3.95767744047332,51.0331215804619],[3.95848293372043,51.0334761419956],[3.95926393394114,51.0333442617419],[3.9602946563075,51.0322185821483],[3.96157322531738,51.0342306797819],[3.96618068634615,51.0335774300353],[3.9669492961318,51.0346728333225],[3.96772541151464,51.0354943814046],[3.96961598655716,51.0371211611204],[3.97478176346289,51.041791567231],[3.97662239588534,51.0435204856811],[3.97778574549682,51.0445081327146],[3.97930903731988,51.0479701949693],[3.98115520097344,51.0494075544529],[3.98081219729075,51.0515270622382],[3.97993265701531,51.0522327878315],[3.98031419823296,51.05245623842],[3.97928544859218,51.0539740131874],[3.97898008491674,51.0539333020244],[3.97839324036961,51.0551519716639],[3.98028885380194,51.0563173124501],[3.97929069916019,51.0570242173746],[3.97903494193505,51.0575703815468],[3.98002299195152,51.0582722641511],[3.97881395494676,51.0591695710446],[3.97999610314402,51.0598736678691],[3.97848091062407,51.0605639865093],[3.97795448953825,51.0609877445187],[3.97903998485377,51.0613095003173],[3.97781297165641,51.0628757904711],[3.97601950489229,51.0651924137537],[3.97473229064961,51.0662278127584],[3.97359754973317,51.0659607413856],[3.97331363201139,51.0666422525971],[3.97292051330456,51.0671622231836],[3.97298052335039,51.0674004775545],[3.97372323881595,51.0678722595101],[3.9724492459276,51.071550796497],[3.97152063657818,51.0748696964225],[3.97142817499102,51.0766409730733],[3.9679815601063,51.0761404165748],[3.96451153812096,51.0754109612597],[3.9623448732711,51.0748694347341],[3.95627347896236,51.0737096734607],[3.95494818174103,51.0734783214004],[3.95294290511923,51.0730627167005],[3.95131518251973,51.0727321713567],[3.94522532008716,51.0714047683308],[3.9445345260627,51.071427672269],[3.9443410067242,51.0711823832481],[3.94266919813128,51.0714271070339],[3.94211220101947,51.0714804574907],[3.94171324184401,51.071204443749],[3.94126601175612,51.0709207205047],[3.92902184108374,51.0685032796247]]]}},{"type":"Feature","properties":{"imageId":"https://iiif.ghentcdh.ugent.be/iiif/images/primitief_kadaster:550_0001_000_05999_000:550_0001_000_05999_000_0_0001","manifestUrl":"https://iiif.ghentcdh.ugent.be/iiif/manifests/primitief_kadaster:550_0001_000_05999_000"},"geometry":{"type":"Polygon","coordinates":[[[4.16292005760855,50.9894978348436],[4.16373456151165,50.9892853219936],[4.16384560163048,50.9889709819405],[4.16448191561277,50.9888103405752],[4.16477347229834,50.9886348488507],[4.16517552817557,50.9882044953837],[4.16533048480834,50.9879247760657],[4.16640752799547,50.9879217834695],[4.16667832255445,50.9880199946971],[4.16684483330286,50.9882280388334],[4.16718262136234,50.9883608566589],[4.16741665994231,50.9884165567683],[4.16758622565256,50.9883018073435],[4.1679304186841,50.9883429257239],[4.16849495998873,50.9885518625412],[4.16882276918754,50.9885588999647],[4.16928601710075,50.9885221325315],[4.169497408747,50.9886587299198],[4.16996339150182,50.9886869374216],[4.17018673406584,50.9886592996163],[4.17033701005585,50.9885332664508],[4.17059876668731,50.9884077057134],[4.17095010226747,50.9882669372795],[4.17108447579434,50.9880202912709],[4.17138219199265,50.9878783968092],[4.17183127866291,50.9879079973414],[4.17223415016865,50.98793739598],[4.172502502376,50.9877339270697],[4.17273402614726,50.9875829706483],[4.17319438994384,50.9875808491941],[4.17350223663299,50.9876093585885],[4.17381201803395,50.9875850764997],[4.17391812550576,50.9874414544814],[4.17417895929854,50.9873419759072],[4.17454160947389,50.9873545194889],[4.17491740642664,50.9873970192342],[4.17512774702975,50.9872974827433],[4.17508143724587,50.9870644769357],[4.17504605798025,50.9869294437217],[4.17526023983427,50.9867173001837],[4.17530600520217,50.9864917977131],[4.17524650869683,50.9863125123031],[4.17542997463439,50.9862657709762],[4.17573875174818,50.9863827002897],[4.17647746775507,50.9860528970785],[4.1768967009618,50.9859511320741],[4.17795346591895,50.9857603367624],[4.17864277811066,50.9855583064669],[4.17936519661501,50.9853936793507],[4.17977581480626,50.9851495585102],[4.18008111071681,50.98509423443],[4.18034721563976,50.9851670406864],[4.18051088765254,50.9850078977901],[4.18059783595236,50.9848869876818],[4.18093616214379,50.9848692122456],[4.18114499917477,50.9847248551348],[4.18141939925578,50.9847904444251],[4.18170726470967,50.9845780678261],[4.18190320881046,50.9843814445664],[4.18229592983063,50.9843415699591],[4.18269699543069,50.984497445892],[4.18303049084352,50.9842859216237],[4.18324546122903,50.9841125669033],[4.18358116492983,50.9840670271928],[4.18397188110142,50.9839618354978],[4.18440807106078,50.9834428031489],[4.18503009820082,50.9828158355138],[4.18582736359506,50.9822309708277],[4.18616996587107,50.9822014814526],[4.18645572945044,50.9822642852178],[4.18669755054776,50.9820894689809],[4.18720121137062,50.9821957830408],[4.18786460089258,50.9824689821768],[4.18853366411525,50.9827985194866],[4.18895490242133,50.9829125262344],[4.18952984361206,50.9828812214218],[4.19064282731507,50.9825693981881],[4.19088250527968,50.9826218745785],[4.19076998097394,50.9831662249059],[4.19089515342641,50.9832139011171],[4.19133294657002,50.9832262280473],[4.19185626497132,50.9833613421072],[4.19233464917398,50.9834635700363],[4.19278034081742,50.9831465957196],[4.19304724873239,50.9827631659228],[4.19349051520297,50.98274542941],[4.19441065262735,50.9835896698534],[4.19494040960382,50.9834459999692],[4.19516221263626,50.9832614378101],[4.19513258823754,50.9830684619044],[4.19541062883628,50.9829696206307],[4.19565688827859,50.9830277231174],[4.19763973622889,50.9824993266238],[4.19839003079628,50.9826943116644],[4.19977357853408,50.983162761561],[4.20082483504647,50.9834959416604],[4.20175496030684,50.9836847866946],[4.20247084892931,50.9840329900701],[4.20327323692936,50.9836894777697],[4.20312302715274,50.9835265514651],[4.20335579019966,50.9834865897355],[4.20373106169351,50.9837931580067],[4.20468317517305,50.9848341312086],[4.20524636238074,50.9858803014275],[4.20538227526642,50.9861547446081],[4.20572834340684,50.9863440020911],[4.20688350763278,50.9867232049761],[4.20804354240994,50.9871705059838],[4.2085617110789,50.9874980562923],[4.20893428411929,50.987653794506],[4.20999005248807,50.987873346055],[4.21161567276824,50.98818480391],[4.21264380235963,50.9883603311717],[4.21430031655728,50.9887180379284],[4.21454784205183,50.9881532432051],[4.21491706131941,50.9882022228245],[4.2146506585367,50.9888261468056],[4.21501661640254,50.988667840939],[4.21552531890233,50.9895491946965],[4.21703954824568,50.9899129876413],[4.2174889460899,50.9900458770463],[4.21839898179087,50.9906476343452],[4.21941792117895,50.9911501144221],[4.22030558565983,50.9904181040935],[4.22218681666452,50.9893566379096],[4.2224871261734,50.9894416394968],[4.22271380690619,50.9901388504141],[4.22083141914261,50.9918882036636],[4.22329094335916,50.9929030821144],[4.22437410354845,50.9935302608895],[4.22446636709125,50.9938340352577],[4.22484121779394,50.9939130737424],[4.22498783743955,50.9942979950315],[4.22525731006683,50.9944730353897],[4.22508272898942,50.9947923188872],[4.22476465736265,50.9949440894646],[4.22467007786851,50.9951058281729],[4.22602662355505,50.9958118312867],[4.22660142509172,50.995488372599],[4.22697514593451,50.9957047743906],[4.22670239846347,50.9959560096998],[4.22703219108963,50.9962688014019],[4.22757779635641,50.9964767405161],[4.22782376543184,50.9970594874293],[4.22794782005862,50.9974783038534],[4.22834457226829,50.9978219236884],[4.22911046456204,50.9982194441023],[4.2295737228835,50.9984978702575],[4.22982346870165,50.9987840519394],[4.22948453520184,50.9990350226406],[4.22968981322242,50.9991341014366],[4.23017394407393,50.9992483594383],[4.23013258987168,50.9994661869254],[4.23063772256741,50.9996031475843],[4.23096473224309,50.9997741712948],[4.231561304333,50.9999682576678],[4.23157046351545,51.0000998342845],[4.23212193500164,51.0002602108999],[4.23218192712117,51.0005746617162],[4.23277337175984,51.0006256050729],[4.23277261837384,51.0009827615641],[4.23286987216433,51.0012007377114],[4.23318482515098,51.0015065480078],[4.23317841238346,51.0018370027263],[4.23345142000782,51.0020118587786],[4.23371033742101,51.0022368908273],[4.2341678916934,51.0023741820761],[4.23468665858703,51.0026011841545],[4.23507502830173,51.0027586866608],[4.23527357957734,51.003083708604],[4.23550475181096,51.0035345556524],[4.23523842117442,51.0041874440342],[4.234748201186,51.00441224148],[4.23418513928884,51.0048134487485],[4.23418476170033,51.0049823306445],[4.23437176839151,51.0051015301248],[4.2342956622434,51.0052209123579],[4.23448891691378,51.0054318117527],[4.23480340832096,51.0056443777228],[4.23500232522327,51.0058023499112],[4.23456717609014,51.0058467248099],[4.23417019908103,51.0062263012957],[4.23457493315263,51.0067001680936],[4.23464936012707,51.0070111984049],[4.23430809084043,51.0071708718232],[4.23399615783014,51.0074612907458],[4.23364415484485,51.0075338635151],[4.23339688850525,51.007726498358],[4.23271339046041,51.0082332937614],[4.23182103969567,51.0086742568146],[4.2308710258905,51.0092356265221],[4.2302528593457,51.0094123261476],[4.22945036252668,51.0099910221975],[4.22902451538653,51.0103799159537],[4.2280824770573,51.0106711226626],[4.22758671409665,51.0106258645665],[4.22749163863199,51.0109868339359],[4.22675806976488,51.011455723359],[4.22651278881213,51.0118339650714],[4.22577429661204,51.0122713685995],[4.22443799092168,51.0127925554735],[4.2240214548603,51.0132133570033],[4.22374628523301,51.0136286084877],[4.22343200789648,51.0138278509809],[4.222814653407,51.0139405547453],[4.22258503452891,51.0138742658935],[4.22213628828002,51.0138832066365],[4.22200055014698,51.013770378242],[4.22172550887137,51.0139013655012],[4.22175389776848,51.0140536848816],[4.2212131743318,51.0141218332337],[4.22117826630807,51.014285713618],[4.22122596357199,51.0143874882364],[4.22102221370381,51.0144673048422],[4.22076985099773,51.0144734071162],[4.22054337599377,51.0144638258377],[4.22032938275334,51.0145298754566],[4.22019322404463,51.0146629620605],[4.21986723642928,51.0147189178332],[4.21959694169615,51.0150178387768],[4.21883528626043,51.0152911685126],[4.21835225442811,51.0154907327803],[4.21714462462544,51.0160126453214],[4.21576846171935,51.0164536533879],[4.21408736895895,51.0168755025125],[4.21412220588888,51.0170896893542],[4.2139681671702,51.0172180876222],[4.21358183230589,51.0172532796885],[4.21323899082896,51.01774982293],[4.21284708493529,51.0181330322591],[4.21223438810279,51.0188210235885],[4.21141082335561,51.0197671882861],[4.21096603698229,51.020252210754],[4.21042098569074,51.0208402809204],[4.20946356825151,51.0214150919928],[4.20854679453289,51.0216570728838],[4.2080542119802,51.0217107794235],[4.20733413754147,51.0219526811541],[4.20639543314978,51.0219943739287],[4.205565601934,51.0219776486416],[4.2048275297292,51.022131790499],[4.203632840565,51.0224758345109],[4.20255130614194,51.0230845648395],[4.20200082354769,51.0235412506765],[4.20186586743933,51.0239968988467],[4.20161421245419,51.0245832650754],[4.20118857796331,51.0251094856855],[4.200722091539,51.0256869452401],[4.20034633465791,51.0261798091286],[4.20096654473907,51.0265231079309],[4.20181561447427,51.026927756359],[4.20265432313815,51.027242862973],[4.20309336426219,51.027584615323],[4.20344036259907,51.0277878587169],[4.20433426839706,51.0280238229844],[4.20481474978205,51.0286147292352],[4.20526419692294,51.0291294581387],[4.20679519266613,51.0292950705886],[4.20744473827932,51.0293300739977],[4.20861463629103,51.0296974212064],[4.20919225986825,51.0299255224746],[4.20957218203992,51.0300959205384],[4.21006941442087,51.0301522410313],[4.21054420718879,51.0304903557842],[4.21087593397967,51.0306727995209],[4.21179592032232,51.0311152666385],[4.21169343534802,51.0313000978744],[4.21103579078877,51.0310361820485],[4.21008274172241,51.0328816961874],[4.21046982677593,51.0329386164414],[4.21043868868532,51.0330776453953],[4.20960527137962,51.0331035304209],[4.20807996671032,51.0333386180286],[4.20729117718978,51.0334803394928],[4.20675506815996,51.0334082375677],[4.2043614426463,51.0349685933588],[4.2017295332335,51.0365439005217],[4.19827968768496,51.0389556860371],[4.19613468827654,51.0400758354374],[4.19350473590264,51.0404550593638],[4.19155075020087,51.0401457944715],[4.19130619850354,51.0406325409148],[4.18901070821833,51.0401793830614],[4.18912783871595,51.0394349348631],[4.18931954269165,51.0387088877634],[4.18931093894844,51.0379389903095],[4.18890687987422,51.0372437577188],[4.18876290660895,51.0368278101899],[4.18871224402668,51.0363842788714],[4.18796220827981,51.0350225919049],[4.18794778249322,51.0343088475401],[4.18778329619688,51.0340140866913],[4.18746481609876,51.033336200285],[4.18857336978999,51.0323033690525],[4.18990912267642,51.0329062965623],[4.19052414717424,51.0338004639611],[4.19088999698814,51.0335915463391],[4.19166967271344,51.0329427852412],[4.19237097849349,51.0323064181349],[4.19299633354291,51.0319997821585],[4.19384855287766,51.031425974785],[4.19088517574407,51.0308171873277],[4.18695062549172,51.0301403623223],[4.1820837413251,51.0292787452909],[4.178205628655,51.0283489762007],[4.17614004111268,51.0278586944714],[4.17474083113126,51.0275925824499],[4.17409096744785,51.0272459421769],[4.17008668740165,51.0267990981176],[4.16721881343055,51.0264079984124],[4.16448032113625,51.0254085727262],[4.15958841603673,51.0241279505727],[4.15846223582061,51.0236928046811],[4.15660901795165,51.0225917189158],[4.15648625802559,51.0186894865176],[4.15665472839845,51.0129330071182],[4.1577255653261,51.0119873924841],[4.15884939949009,51.0108429251833],[4.15785866269535,51.0103383928581],[4.15830013947841,51.0099124897326],[4.16006483299038,51.0082926569283],[4.16352546947789,51.0058345326537],[4.16477065593328,51.0050230651025],[4.16607377368873,51.0041056704156],[4.16689677379063,51.0033098379622],[4.1676410124668,51.0021941091995],[4.16828169439219,51.0005428741407],[4.16867188278163,50.9995575792629],[4.16843670648038,50.998951976101],[4.16856329507869,50.9985314299796],[4.16836751034654,50.9981190865293],[4.16862767388877,50.9975105301682],[4.16856585064011,50.9970054813302],[4.16850695849113,50.9962271359871],[4.168477953619,50.9958165088116],[4.16858447407547,50.9950565363566],[4.16874102879803,50.9940956850795],[4.16691402737351,50.9926689436301],[4.16498489480574,50.9910270684951],[4.16427218920603,50.9909078257372],[4.16292005760855,50.9894978348436]]]}},{"type":"Feature","properties":{"imageId":"https://iiif.ghentcdh.ugent.be/iiif/images/primitief_kadaster:550_0001_000_06056_000:550_0001_000_06056_000_0_0001","manifestUrl":"https://iiif.ghentcdh.ugent.be/iiif/manifests/primitief_kadaster:550_0001_000_06056_000"},"geometry":{"type":"Polygon","coordinates":[[[4.05134713258725,51.0457908284213],[4.05046304765286,51.0450679378641],[4.04942663605855,51.0444289605522],[4.04821922904217,51.0438126145522],[4.04710710466013,51.0430563707503],[4.04668668930201,51.0425590136109],[4.0468327433689,51.0423830385288],[4.04822707917056,51.0421333719278],[4.04911277287556,51.0419076934955],[4.05023902023536,51.0408595357879],[4.05089595254294,51.0397747276946],[4.05163012714624,51.0386240769811],[4.05260159603787,51.0372383330063],[4.05308176112061,51.036497476717],[4.05345336667893,51.0365378186567],[4.05420694095927,51.0371154216179],[4.05519512323391,51.0373448147601],[4.05670919472789,51.0372470691971],[4.05715088288363,51.0370533874656],[4.05749540472571,51.0357054288115],[4.05789712910664,51.0344622147169],[4.05867220283454,51.0345580720113],[4.06026082133605,51.0349200936338],[4.06049960591624,51.0352920663152],[4.06041178510512,51.0356033920989],[4.06121845101643,51.0356688627317],[4.06181852295918,51.0358557522621],[4.06280694961654,51.0362657274819],[4.06365256095023,51.0363164409389],[4.06364884727052,51.0360633704983],[4.06393238007615,51.0360598438055],[4.0641100031372,51.0364426274866],[4.06478946405766,51.0367076973072],[4.06602376652187,51.0369407296334],[4.06729391044825,51.037013156999],[4.06849438885515,51.0370124122689],[4.07003756831834,51.0369676363498],[4.07043193684514,51.0369197859908],[4.07072337164183,51.0362674539257],[4.07072334860497,51.0357178225041],[4.07038425072306,51.0355452564766],[4.07043625817351,51.0353627516308],[4.07102122089599,51.0355130508523],[4.07119133234025,51.0352264173099],[4.07116516661024,51.0348016752822],[4.07209165234673,51.0338651042522],[4.07320474716077,51.032855693207],[4.07398045902239,51.0321224512286],[4.07417706182811,51.0317962302073],[4.07402553637448,51.0312645687895],[4.07233733883554,51.0310421874128],[4.07177564048818,51.0308898119172],[4.07172663670823,51.0305769660944],[4.07117247883689,51.0301596353157],[4.07010074597297,51.0293091512046],[4.06964393199343,51.0288864598709],[4.06966550900179,51.0286068538331],[4.0701311625771,51.0278075828373],[4.07045086124078,51.0271592551532],[4.07050374953698,51.0267962030266],[4.07066472511823,51.0261508017818],[4.07043756552142,51.025467287823],[4.07021165183555,51.024630996773],[4.07007619277456,51.0242019709658],[4.0706075862104,51.0241396431696],[4.07192028278232,51.0241203600789],[4.07308693956544,51.023958607634],[4.07399287911975,51.0236942936539],[4.07482818369024,51.0239785297385],[4.07561680562455,51.0243833385388],[4.07649170331849,51.0246390846858],[4.07702927508911,51.024963030424],[4.07727577655108,51.0256792695565],[4.07751058055135,51.0266715247983],[4.07791941871761,51.027050109166],[4.07867801046886,51.0273437213025],[4.07919107059388,51.0272205176648],[4.08001960820869,51.0269969719932],[4.08104109970631,51.0269507240787],[4.08193999933827,51.0269070868502],[4.08265129902117,51.0267718564975],[4.08417150243255,51.0263788032889],[4.086240396343,51.026022334376],[4.08837442499726,51.0258760060756],[4.09014441482517,51.0259317081036],[4.09108627961195,51.0262017424155],[4.0914067654234,51.026716749471],[4.09135907273639,51.027487996992],[4.0907211409,51.0278838193794],[4.0900489263741,51.0281156967705],[4.08982937663354,51.0283451614809],[4.09001663694178,51.0285470162844],[4.09221312387281,51.0290742996212],[4.09304333787265,51.0287137618118],[4.09368578627365,51.0282375530972],[4.0942367433249,51.0276650661675],[4.09452774459527,51.0275233536508],[4.0948860777401,51.0271722324127],[4.0953622030234,51.0269657365806],[4.09502799953458,51.0263974365265],[4.09514623711903,51.0259866625326],[4.09473205577988,51.0258927109225],[4.09484817528192,51.0254869381041],[4.09458252387233,51.0251743600085],[4.09479961113469,51.0250117424143],[4.09407387294152,51.0242085442162],[4.09457401166392,51.0237938498124],[4.093801488376,51.0236207821371],[4.09434431491589,51.0227596187137],[4.094837515018,51.022425800751],[4.09546459174211,51.0224168511343],[4.09592830676016,51.0223240029115],[4.09611229523226,51.0220966457647],[4.09635679344275,51.0220392167084],[4.09657102892373,51.0220716244782],[4.09671586763778,51.0218879501571],[4.09677675550486,51.021700455761],[4.09698260452848,51.0216791729322],[4.09709571874514,51.0217830958516],[4.09728222176171,51.0216924231121],[4.09762603664533,51.021585783925],[4.09796097992762,51.0216080118553],[4.09829587841821,51.0216301383324],[4.09877090923995,51.021361509147],[4.09942669724912,51.0212602340967],[4.09998857376409,51.0209492319564],[4.10084302792382,51.0212897913572],[4.10164538363797,51.0216959956975],[4.10209490863157,51.0221628058919],[4.10271875239019,51.0218549502272],[4.10323638291658,51.021314033333],[4.10356222541997,51.0213048268802],[4.10425464001684,51.0219879933845],[4.10524426358276,51.0230102218959],[4.10563512810483,51.0237938172396],[4.10588596340797,51.0249572170431],[4.1059924310079,51.0259542747426],[4.10712516846988,51.0259071069429],[4.10781901845945,51.0263014970377],[4.10869720173517,51.0270830800591],[4.10913957265326,51.0278068357337],[4.10936761380685,51.0288307137187],[4.10950991927004,51.0291953233026],[4.10986420164501,51.0293330691813],[4.11037980801588,51.029418152619],[4.11102612392568,51.0298373425086],[4.11229435482992,51.0304475208453],[4.11383451984824,51.0310428305911],[4.11508005289792,51.0314097914988],[4.11500281308604,51.031777352194],[4.11619256274633,51.0321865787641],[4.11753767279427,51.0324632496758],[4.11810992353378,51.0329674948021],[4.11855551308133,51.033191424318],[4.11897131500506,51.0332251643007],[4.11926361430472,51.032780508763],[4.11963752883278,51.0327908158182],[4.12040674209364,51.0329830781812],[4.12061652995617,51.0330922518893],[4.12087037820437,51.0346821806374],[4.12241265232713,51.0348074439004],[4.12240905334955,51.0350133358088],[4.12190235662336,51.0361508083037],[4.12277634349929,51.0360222836482],[4.1227506625037,51.0363061613557],[4.12214178072566,51.0371166291325],[4.1230246315435,51.037124201498],[4.12273907712829,51.0383374527369],[4.12267186180259,51.0387472887221],[4.12291633702976,51.0390184902593],[4.12293720510105,51.0396925359946],[4.1224625095991,51.0400805577878],[4.12249262542928,51.0404957349277],[4.12197018805644,51.040701549035],[4.12158271868061,51.0407261152722],[4.12123766727149,51.0405780676033],[4.12004370823965,51.0403493068363],[4.11893515214972,51.039932054641],[4.11763757399366,51.0395066726813],[4.11638866157632,51.0392054696302],[4.11525211370822,51.0389976346253],[4.11368484480586,51.0388974026786],[4.11199717071182,51.0388202149149],[4.11036391797164,51.0387287414412],[4.10956086582863,51.0385561246491],[4.10826343631672,51.0383497293645],[4.10731113859189,51.0379715971392],[4.10682246784951,51.0373468512262],[4.10626405460608,51.0366288129727],[4.10539730202779,51.0354599736289],[4.10480851276429,51.0348452687511],[4.10440999904955,51.0357745265018],[4.10407618123158,51.0358278636146],[4.10364537076009,51.035472875654],[4.10225054915938,51.0364951262019],[4.10178861723411,51.0359851066269],[4.10131193745037,51.0360379467059],[4.10126085007503,51.0364207524689],[4.10042679144074,51.0362576059632],[4.09987391520599,51.0357887265382],[4.09942247058662,51.0367415651371],[4.09826885234208,51.0380813257078],[4.09742098061525,51.0391778179896],[4.0966504705051,51.0402638737409],[4.09613116175966,51.0409801762124],[4.09521218788667,51.0420822497945],[4.09450525646744,51.0427667722975],[4.09346710155316,51.0433136019475],[4.09223900654424,51.0439833113022],[4.09127233571472,51.0444369159322],[4.09004344309288,51.0452546732184],[4.09042359298776,51.0462787779301],[4.09055995257482,51.0471307203186],[4.09013900318397,51.0477982453017],[4.08967819334529,51.0482584383877],[4.08929197848352,51.0487064797232],[4.08779550988803,51.0492158381893],[4.08654653794816,51.0494699274891],[4.08529456365893,51.0496560922551],[4.08393481251091,51.0497321855503],[4.08260838962914,51.0498557353803],[4.08099936566234,51.0499309571887],[4.07969220193875,51.0500104988742],[4.07834016626078,51.0500657947902],[4.07704929709448,51.0501159425936],[4.07663379342144,51.050547999472],[4.07606267443665,51.0508526524904],[4.07514819173747,51.0511062864683],[4.07436172294903,51.0512812190579],[4.07356038495296,51.051364529686],[4.07290808893155,51.0512791397679],[4.07251620091631,51.0511127064673],[4.07201208420648,51.0508662464987],[4.07152820062071,51.0504160159482],[4.0710778485438,51.0498686130248],[4.07057709453989,51.0493420829302],[4.07013376381532,51.0489617049949],[4.06969179690609,51.0488086169849],[4.06916661597821,51.0488870810063],[4.068596472572,51.0491757062236],[4.06793033606505,51.0494604466391],[4.06713303413344,51.0498534108496],[4.06635734195777,51.0501485479193],[4.06577713366346,51.0502922332098],[4.06456568047869,51.0502366544731],[4.06310687460449,51.0499889984603],[4.06191204904706,51.0497437964905],[4.06049355272448,51.049428283972],[4.05934571975806,51.0491762741973],[4.05763833633805,51.0488243915859],[4.05655782398883,51.0486118500551],[4.05542883362704,51.0481239612476],[4.05475335035881,51.0476930326554],[4.05369500506713,51.0472071657493],[4.05134713258725,51.0457908284213]]]}},{"type":"Feature","properties":{"imageId":"https://iiif.ghentcdh.ugent.be/iiif/images/primitief_kadaster:550_0001_000_06062_000:550_0001_000_06062_000_0_0001","manifestUrl":"https://iiif.ghentcdh.ugent.be/iiif/manifests/primitief_kadaster:550_0001_000_06062_000"},"geometry":{"type":"Polygon","coordinates":[[[4.04005615670288,51.0172428247851],[4.04079165282704,51.0177430340369],[4.04133236427724,51.018307672189],[4.04158136340933,51.0185323110837],[4.04209488825664,51.0188382243635],[4.04268499729245,51.0192602899271],[4.04322785292072,51.019678074782],[4.04371328939306,51.0200045388349],[4.04406348291737,51.0202997165025],[4.04470024957209,51.0206630769239],[4.04575159103822,51.0212066788476],[4.04682616548793,51.0215666174385],[4.04719220426212,51.0216101539755],[4.04786975549595,51.0205213613803],[4.04832990931936,51.0206817127221],[4.04864400201494,51.020334173932],[4.05205908895707,51.0213615349274],[4.05313275142244,51.0203727050704],[4.05346802670315,51.0200040857569],[4.05395300175611,51.0202036692445],[4.05485338627298,51.0206114744331],[4.05598965102488,51.021354494722],[4.05723211273662,51.0221870098481],[4.05813251769428,51.0228209462021],[4.0588542781852,51.0233183496827],[4.05929247677242,51.0235335661098],[4.0599096072118,51.0237505639527],[4.06131182539178,51.0243815083334],[4.06169058063934,51.0240005694527],[4.0622743118023,51.0241238041622],[4.06352881314909,51.0223689989765],[4.06499500283696,51.021950889428],[4.06447061048949,51.02143362919],[4.06763399979886,51.0200142292949],[4.06825697216338,51.0204003878605],[4.06870170468395,51.0207839133627],[4.07068860651034,51.0205281183594],[4.0710110904165,51.0206975659794],[4.07269034038284,51.0209719877448],[4.07267436805629,51.0206145474884],[4.07320655661296,51.0206666446358],[4.07327937158082,51.0209664722327],[4.07341065515643,51.0212438330017],[4.0734951783842,51.0214493822585],[4.07371477235366,51.0215998333994],[4.07402306224912,51.0217883906955],[4.0743769364391,51.021951489554],[4.07469240481232,51.0222189337453],[4.07479214398638,51.0225144589407],[4.07466743556397,51.0228376515131],[4.07460620503959,51.0231873026262],[4.07462873101548,51.023526268509],[4.07479606149909,51.0239135477612],[4.07499390201519,51.0241856435113],[4.07421186010303,51.0243751026665],[4.07406324636358,51.0240859314431],[4.07323358845062,51.0242658850175],[4.07090196364003,51.024603969132],[4.07096460114561,51.0248165028167],[4.07115473834679,51.0253707047679],[4.07140540680518,51.0264757625883],[4.07125158964765,51.0274517493732],[4.07045515217185,51.0285025194865],[4.07024722060787,51.0287846367631],[4.07056778550483,51.0290789988751],[4.07121412960605,51.0294630468406],[4.07207812699585,51.0301603453717],[4.07272825235836,51.030843806941],[4.07457152746394,51.0309244896483],[4.07474170613008,51.0313486993026],[4.07465198224476,51.0316886848057],[4.07467712155086,51.0318850305965],[4.07382469947278,51.0328317508949],[4.07285571405806,51.0338792003058],[4.07207029586781,51.0347926765068],[4.07163759689381,51.0352883161228],[4.0715085134131,51.0356846106914],[4.07189954019275,51.0358212296987],[4.07180595136371,51.0359695283739],[4.07078392139843,51.0357585262368],[4.07081668267001,51.0360884207941],[4.07064692889874,51.0366273500806],[4.07025308765117,51.0373133350266],[4.06926838964192,51.0373702820707],[4.06771831024946,51.0372197507627],[4.06625716273064,51.0370295183657],[4.06417832007539,51.036653805537],[4.06393828065926,51.0365846855413],[4.06392014965289,51.0364631320219],[4.06334150173473,51.0364235376096],[4.06215558443339,51.0361720133396],[4.06046891804399,51.035733794046],[4.06041770283776,51.0359460378316],[4.06000830560912,51.0359366626598],[4.06030308226596,51.0351736326125],[4.05804947400781,51.0347103868142],[4.05772822141737,51.0362274036736],[4.05744215590093,51.0371642542563],[4.05747503217393,51.0373399963812],[4.05762585396648,51.037496376678],[4.05738276418139,51.037576223126],[4.05718706543205,51.0373768654886],[4.05694183039519,51.0373527963817],[4.05642543635879,51.0374510094423],[4.05599017149706,51.0374982805905],[4.05549881611504,51.0374777264278],[4.05495393038009,51.0374196240294],[4.05435396547876,51.0372143223666],[4.05369210272006,51.03689799764],[4.05328472845663,51.0367161881091],[4.05254476963715,51.0376362476059],[4.05183020515855,51.0388216563296],[4.05091930172089,51.0401320028974],[4.05032501993983,51.0408949514503],[4.04905078112082,51.0421305870811],[4.04848560524189,51.0424953512866],[4.04727603660256,51.0430652562718],[4.04686052031192,51.0425330911733],[4.0462875032339,51.0419192875858],[4.04568717004093,51.0412170584693],[4.04533347109057,51.0404511598935],[4.0449014805986,51.0395273727299],[4.04464128033293,51.0387306113282],[4.0443571458441,51.0379651134025],[4.04423240253764,51.0377870308754],[4.04385941049524,51.0375918657683],[4.04295669566561,51.0372307691699],[4.04182793619587,51.0367309269602],[4.04075132590495,51.0362273253503],[4.04022651160035,51.0357627647064],[4.0401279098022,51.0351714004366],[4.04002610804479,51.0343854285117],[4.04013536657323,51.0338251528702],[4.04046716231587,51.0326086857577],[4.04083402036631,51.0312315154696],[4.04092883569239,51.030725428552],[4.04084346138273,51.0300891221073],[4.04051756522992,51.029456021919],[4.04020094082185,51.0288118798246],[4.03981386437923,51.0281354908473],[4.03986361889934,51.0275912050608],[4.04041030475965,51.0271699569092],[4.04149890239488,51.0267614825156],[4.04232939820793,51.026673908604],[4.04272602280732,51.026802004729],[4.04332954347287,51.0271424009454],[4.04722679852859,51.0258453583347],[4.04779639090948,51.0256547737126],[4.04806856644934,51.0254103616877],[4.04383921871229,51.0233169925623],[4.0414524287805,51.0218724564842],[4.04125718608168,51.0216225744308],[4.04134188703465,51.0211396512768],[4.04136935941825,51.0206224871963],[4.04091417841143,51.0195753654358],[4.0401290256845,51.0186182138872],[4.03820192607749,51.0172265871328],[4.04005615670288,51.0172428247851]]]}},{"type":"Feature","properties":{"imageId":"https://iiif.ghentcdh.ugent.be/iiif/images/primitief_kadaster:550_0001_000_06070_000:550_0001_000_06070_000_0_0001","manifestUrl":"https://iiif.ghentcdh.ugent.be/iiif/manifests/primitief_kadaster:550_0001_000_06070_000"},"geometry":{"type":"Polygon","coordinates":[[[4.07230106524681,51.0537463245892],[4.07259503014113,51.054122970183],[4.07318599926454,51.0543590942616],[4.07520029818484,51.055174239289],[4.07767302763247,51.056179903888],[4.07960255939931,51.0569414707267],[4.08024196689612,51.0572082109131],[4.07981562533871,51.0574883589106],[4.07938808330588,51.0576990452871],[4.07905408336597,51.0577780149321],[4.07894232446337,51.0582417317144],[4.07805397949926,51.0588176554179],[4.07743204558888,51.0595619677143],[4.07738907604786,51.0598477878797],[4.07788370196908,51.0600535515742],[4.07840681543399,51.0605215979749],[4.07931503493534,51.061095649996],[4.07970014097177,51.0612016556165],[4.08010626492716,51.0611377383016],[4.08042948913528,51.0611282942085],[4.08152305880242,51.0613385793142],[4.0824846234181,51.0615341317444],[4.08297764870545,51.0616472799443],[4.08329447037809,51.0612673738728],[4.08376271438727,51.0606396620468],[4.08406582583268,51.0601594864537],[4.0852192765358,51.0603694519047],[4.08618390903307,51.0607425173662],[4.08705313203124,51.0611392481489],[4.08692766290142,51.0615026954097],[4.08758902202028,51.0616535383659],[4.08867021532176,51.0618407335289],[4.08976538562277,51.0621436341291],[4.08963100816734,51.0626846583522],[4.0898013427912,51.0628381224768],[4.09021293557898,51.0630906414351],[4.0908777627379,51.0634421512964],[4.09071743207574,51.063867534013],[4.09039860961076,51.0641316707163],[4.08942419217847,51.0652715167928],[4.08996859033465,51.0655850761739],[4.09054771663702,51.0658289821413],[4.09191820631737,51.0661226943722],[4.09286859504279,51.0663646184806],[4.09381951731283,51.0666374144206],[4.09433636162842,51.0667427168007],[4.09474798296304,51.0676899158995],[4.09523956954951,51.0684128467032],[4.09660011236184,51.0695170723737],[4.09806844103893,51.0706207226658],[4.09946602730773,51.0697101777431],[4.10088351666061,51.0706442886855],[4.10222367993792,51.0712623469403],[4.10395865789421,51.0718551416006],[4.10637948092838,51.0726295231868],[4.1066483692254,51.0715551926986],[4.10715755343642,51.0698312111985],[4.1074609031073,51.0686717913808],[4.10727805873163,51.0684875193556],[4.10791514157012,51.0672336939771],[4.10779297854736,51.0670954100445],[4.10813735406059,51.066923760974],[4.10846038778888,51.0655172386421],[4.10957100233714,51.0660207422164],[4.10956182723922,51.0661828832629],[4.11189124235897,51.0672124689067],[4.11220753048698,51.0668016910037],[4.11359906663313,51.0676201604397],[4.11559559664786,51.0667141369282],[4.11561568086373,51.0664901882877],[4.11561114573442,51.0662277777196],[4.11582084847308,51.065887036816],[4.11634219937113,51.0655600696237],[4.11659156554373,51.065435239748],[4.11690254677235,51.06541042367],[4.11712902761981,51.0653474653192],[4.11740061218678,51.0651221741291],[4.11762509224191,51.06494344641],[4.1181014728066,51.0647865300149],[4.11864186937811,51.0648685506596],[4.11940157249149,51.0651655233681],[4.1197739020038,51.0652252851722],[4.12001089181074,51.0650773653537],[4.12026172523106,51.0650374330147],[4.12080345566413,51.0651966332382],[4.12123686668781,51.0653255370085],[4.12167998635404,51.0653231715639],[4.12222024953939,51.0653974742507],[4.12265486103847,51.065595839642],[4.12337530087638,51.0657000551963],[4.12403652660908,51.0658431801947],[4.12438370323159,51.0658336082397],[4.124621093197,51.0657088422949],[4.12473912124893,51.065607869533],[4.12496653579949,51.0655989368874],[4.12521776937828,51.065582158422],[4.12557558834642,51.0654953429572],[4.12560644829408,51.0652018687648],[4.12573498530549,51.0650159345354],[4.12611795716343,51.0649984528297],[4.12627284754003,51.0649513139802],[4.12626964627229,51.064766082991],[4.12626711193533,51.0646194417912],[4.12657862670856,51.0646254975448],[4.12685447963252,51.064647181007],[4.12695906422954,51.0644613746394],[4.12702878729422,51.0643375037276],[4.1272677778935,51.0643053532774],[4.12760337846728,51.064318999127],[4.12784076843269,51.0641942331821],[4.12808786704065,51.0639381980224],[4.12864341254025,51.0635107055848],[4.12888106927798,51.0634013755558],[4.12927561718465,51.0633606760455],[4.12940535467146,51.063244203437],[4.1294380820253,51.063058780655],[4.12942330470883,51.0628967674704],[4.12954186630538,51.0628266665401],[4.12986762485046,51.0629638636467],[4.13001360690146,51.0630943017595],[4.13037009200804,51.0629303067159],[4.13071313365972,51.0626814780666],[4.13084167067112,51.0624955438371],[4.13080187385102,51.0622719148513],[4.13081171587972,51.0621483635942],[4.13095262925679,51.0619855193074],[4.13098415613523,51.0617306349045],[4.13088487843761,51.061530479447],[4.13080955315438,51.0613301961276],[4.13079317520404,51.0610755674484],[4.13066954493357,51.0608523859791],[4.13045037177784,51.0606451518731],[4.13039939906748,51.0604678945655],[4.13049027343727,51.0601818186764],[4.13053217588904,51.0598342548479],[4.13051633148332,51.0596104980002],[4.13041745394417,51.0594334964164],[4.13041478622105,51.0592791372587],[4.13055489928119,51.0590699852246],[4.13095318200022,51.0592453885351],[4.13131526932535,51.0594055477226],[4.13201759719289,51.0591548011452],[4.13244540599802,51.0589595506844],[4.13319470499125,51.0586545226781],[4.13351619517934,51.0585447451325],[4.13379164794483,51.058543274721],[4.13441187638203,51.0583933091126],[4.13506189767764,51.0578881256488],[4.13448197105834,51.0575979119341],[4.13410310562439,51.0571599701937],[4.13346393635306,51.0562139857826],[4.13348946085448,51.0556117932749],[4.13333320806948,51.0548870724051],[4.13347225404037,51.054616176708],[4.13344443342746,51.0543924837912],[4.13384402146121,51.0539503865401],[4.13377386969123,51.0533564234378],[4.13375228968081,51.0528007944011],[4.13352644721729,51.0522076624009],[4.13318311024646,51.0517463749941],[4.13298588871279,51.0514232436579],[4.13301661527429,51.0511220515077],[4.13277228922877,51.0508454836426],[4.13242631308167,51.0509245172185],[4.13228073118914,51.0508172329793],[4.13235936257943,51.0505157851054],[4.1314164149319,51.050011386498],[4.13072283345698,51.0493821580148],[4.12911729766835,51.0479627746898],[4.12804685155183,51.0470113738345],[4.12785003017662,51.046711396372],[4.12778468030825,51.0463952797535],[4.12819451052918,51.0458527851189],[4.12891836131346,51.0447683072973],[4.12871009727568,51.0444992655973],[4.12877795293418,51.0442673432752],[4.12896637098156,51.044081089391],[4.1292515323896,51.0439483497645],[4.12937593443017,51.0435231588407],[4.12918258109502,51.0434238482831],[4.12909274526764,51.0430769876949],[4.12885812786466,51.0426691506149],[4.12808948787883,51.0418550747281],[4.12717129296263,51.0413968560062],[4.12672617250406,51.0412834520825],[4.12457666726455,51.0402683433904],[4.12300402076276,51.0393659353817],[4.12139200614617,51.0389577324013],[4.12020209327684,51.0387170869116],[4.11773629990932,51.0381127561225],[4.11618523341795,51.0377659771505],[4.1157744409471,51.0375597659394],[4.11512612512468,51.0374706027153],[4.11266486688646,51.0371286824943],[4.11054521159905,51.0371477162276],[4.10952603351204,51.0370836887361],[4.10852613932397,51.0367494048569],[4.1083258499087,51.0362487604894],[4.10795191976253,51.0360963831907],[4.10759210000205,51.0360674292872],[4.1070319908263,51.0355378310163],[4.10670793775441,51.0348062872216],[4.10621101572171,51.0337746381027],[4.10565063977365,51.0332296039159],[4.10507164685744,51.0329934159064],[4.10400115299527,51.0341183375146],[4.10357350612313,51.0350159860737],[4.10307634586495,51.0346635811793],[4.10263816148649,51.0349515110656],[4.10223750636349,51.0353318646537],[4.10183311642812,51.035496115421],[4.10143483370909,51.0353207121105],[4.10091865632429,51.0352539995198],[4.10050135647863,51.0353642885129],[4.10043470129554,51.0356656724559],[4.10019517715164,51.0356669510746],[4.0998318893511,51.0354373302662],[4.09964797788618,51.0351913145779],[4.09809571091941,51.0347750739849],[4.09690068163051,51.0363174685591],[4.09559442698364,51.0383544517471],[4.09420660645105,51.0405230877357],[4.09306465550417,51.0416715468031],[4.09196527393985,51.0425110318314],[4.09041266390828,51.0434609976457],[4.08946550499744,51.0440989846669],[4.0887830231203,51.0448050268285],[4.08856494560065,51.045354216526],[4.08859850181827,51.0459097816317],[4.08871655841704,51.0465034890103],[4.08871205183457,51.0469357585827],[4.08865830656177,51.0472911043],[4.08826749346747,51.047547906631],[4.0878400848208,51.0477663109654],[4.08724607636264,51.048047353996],[4.08567001891447,51.0483336393632],[4.08458218485204,51.0484552264465],[4.08239093909376,51.0484900796812],[4.07830785275708,51.0485581878773],[4.0784482896832,51.0497538320398],[4.0779445172109,51.0504048895322],[4.07801824186025,51.050512557357],[4.07786922047451,51.0508992863533],[4.07750275995307,51.0511791146961],[4.07726630369075,51.0513579063461],[4.07673030886239,51.0515305783116],[4.07638273208141,51.051516996393],[4.07619017906319,51.0514639935827],[4.07597860891835,51.051696683076],[4.07620709055816,51.0517494940935],[4.07605806917242,51.0521362230898],[4.0756559468017,51.0524316791411],[4.074844632594,51.052613539476],[4.07393337375791,51.052556654564],[4.07308479706707,51.0526615271129],[4.07244621843403,51.0531357748142],[4.07230106524681,51.0537463245892]]]}},{"type":"Feature","properties":{"imageId":"https://iiif.ghentcdh.ugent.be/iiif/images/primitief_kadaster:550_0001_000_06073_000:550_0001_000_06073_000_0_0001","manifestUrl":"https://iiif.ghentcdh.ugent.be/iiif/manifests/primitief_kadaster:550_0001_000_06073_000"},"geometry":{"type":"Polygon","coordinates":[[[4.12085026213762,51.040506450767],[4.12200777259408,51.040862929741],[4.12251895205879,51.041048572427],[4.12311502126174,51.0412804655506],[4.12356260639239,51.041580704256],[4.12430393785584,51.0419050066927],[4.12469391201719,51.0420212966127],[4.12568776482081,51.0425915202924],[4.12632688509093,51.0431221413452],[4.12670321986782,51.0433072804391],[4.12702591762449,51.0437218862586],[4.1272556093644,51.0438835109943],[4.12748039167681,51.04429009557],[4.12755162706983,51.0450176405624],[4.12631591749494,51.0467278728944],[4.12617309498743,51.0471254290421],[4.12605709099004,51.0474082518272],[4.12631788202836,51.0478532487211],[4.12653439464262,51.0480607576458],[4.12659966163163,51.0484744020622],[4.12687731386621,51.0486897948873],[4.12716875890486,51.0488286835435],[4.12904013871473,51.0508797090587],[4.13082173431962,51.0525169985953],[4.13128171651712,51.0534220734676],[4.13134403861206,51.0552060535507],[4.13153967119873,51.0570670871759],[4.13203627580057,51.0579799543865],[4.13283888534319,51.0589169311096],[4.13377819556969,51.0591501061039],[4.135346376874,51.0592018960541],[4.13626776692772,51.0591058147013],[4.13780807074541,51.0587134775984],[4.13970494813189,51.0582688831824],[4.14122088815322,51.0578687995223],[4.14303134160539,51.0574545046185],[4.14464182183957,51.0572308520921],[4.14584347226123,51.0572200286495],[4.1484295633263,51.0578650988266],[4.15127461935512,51.0584345804567],[4.15291573862889,51.0585172650735],[4.1546609101313,51.0583017711342],[4.15628274341656,51.057511648978],[4.15729394759676,51.0566044128421],[4.15838023762096,51.0556209014428],[4.15863263546302,51.054649586919],[4.15832910019674,51.0538905521058],[4.15793607260395,51.0533149167049],[4.15656281663127,51.0527126538313],[4.15624562701977,51.0526349135728],[4.15521116290198,51.0522559274248],[4.15407402733203,51.052106224878],[4.15287437136529,51.0520175333856],[4.15187499545575,51.0517228895259],[4.15141561197594,51.0513996400544],[4.15139692470512,51.0511086586823],[4.15167029615139,51.0509259459864],[4.1521257056821,51.050835779947],[4.15274997417164,51.0508840447529],[4.15397215289943,51.0510723427424],[4.15531691770706,51.0512610985429],[4.1564306099983,51.0513571245625],[4.15776940640192,51.051231979787],[4.15865939031801,51.050867836266],[4.15919709641436,51.0503416101984],[4.15950250263744,51.0497838943099],[4.16046438050724,51.0482793396587],[4.16112269318926,51.0472406409561],[4.16150195789946,51.0466678897642],[4.16236145619558,51.0459897541051],[4.16324531828806,51.0453193650031],[4.16376341659593,51.0445480875333],[4.1641970854244,51.0437075946409],[4.16443231523098,51.0429811941759],[4.16451660625153,51.0424456192127],[4.16475964549743,51.0419412593837],[4.16492974677386,51.0414060048881],[4.164967151237,51.0407630768706],[4.16522336960854,51.0402128328527],[4.16596947204062,51.0396873850636],[4.16854213698382,51.0379438678961],[4.17043198698978,51.0366265124882],[4.17161205012879,51.0358577071976],[4.17323250263758,51.0351364799964],[4.17460210646114,51.0346975719882],[4.17591149118205,51.0342048501095],[4.1768600065851,51.033978725404],[4.17756074169511,51.0338818199915],[4.17818669780034,51.0338458798524],[4.17934973136274,51.0339267790064],[4.18023296481603,51.0338994552653],[4.18117887208572,51.0338034654747],[4.18213811190066,51.0336539365003],[4.18263229171026,51.0334643928692],[4.18317611963022,51.0332444123825],[4.18374262373085,51.0331163833979],[4.18466585481988,51.0329284421052],[4.18580498484474,51.0329786297171],[4.18682519589964,51.0334570850189],[4.1881855795859,51.0340899220914],[4.18839610883541,51.0345959758209],[4.18992292668824,51.0342648328969],[4.19085168088321,51.0338013117843],[4.19192494520137,51.0328560295789],[4.19374935983797,51.0317451301304],[4.19423956569847,51.0311421709883],[4.19189573182052,51.0306434613381],[4.1857761082246,51.0295258607246],[4.18096585438885,51.0285279836132],[4.17832673998201,51.0280817601817],[4.17682629534121,51.0277086893471],[4.17513170742758,51.02723537108],[4.17391336419002,51.0268556982155],[4.17067311773314,51.0264301964953],[4.16805683292657,51.026068269571],[4.16703155902457,51.025842429104],[4.16625544619209,51.025418474389],[4.16429300993812,51.0248522889978],[4.1613276691236,51.0241675246318],[4.15971689701094,51.0237940417673],[4.15858835293911,51.0232156595007],[4.15720636700945,51.022437285961],[4.15550182178198,51.0218490969878],[4.1551616491506,51.0216947152172],[4.15503110021184,51.0214798717652],[4.15501087874492,51.0212654403431],[4.15510037107143,51.0210820409309],[4.15517867872722,51.0208450107725],[4.15450491554692,51.0208195278273],[4.1542797964738,51.0216531440033],[4.15193949124685,51.0209783694682],[4.15167455787908,51.0207400574392],[4.15069018716974,51.0209201148315],[4.14915892014824,51.0214732526104],[4.14873844540617,51.0216554159331],[4.14944300104566,51.0219795810265],[4.14979741177918,51.0226469390241],[4.15023043700771,51.0230619568734],[4.1487305910846,51.0232707114396],[4.14817987424297,51.0232227213203],[4.14800027591152,51.0236201401249],[4.14845215679123,51.0237060389704],[4.14787135474546,51.0257708732514],[4.14657557948752,51.0274196367179],[4.14631567904536,51.0281536006157],[4.14462584713961,51.0274429775036],[4.14344807033399,51.0287094032502],[4.14269371316452,51.0284233300073],[4.14114891529592,51.0308749981077],[4.1409137940267,51.0334310797203],[4.13991466511337,51.035570907394],[4.13853139198385,51.0373035553379],[4.13780150714809,51.0388549097998],[4.13783368038377,51.039084696993],[4.13569655522584,51.0386709705664],[4.13440926292866,51.0380613731655],[4.13197869827715,51.0376082730176],[4.12728213218391,51.0370548434271],[4.12439431696638,51.0367837692586],[4.12253301796847,51.0360648502162],[4.12085026213762,51.040506450767]]]}},{"type":"Feature","properties":{"imageId":"https://iiif.ghentcdh.ugent.be/iiif/images/primitief_kadaster:550_0001_000_06082_000:550_0001_000_06082_000_0_0001","manifestUrl":"https://iiif.ghentcdh.ugent.be/iiif/manifests/primitief_kadaster:550_0001_000_06082_000"},"geometry":{"type":"Polygon","coordinates":[[[3.9979970591123,51.0036032905314],[3.99823692735619,51.0024177281125],[3.99696170269333,51.0022976338355],[3.99679290886427,51.0003570793776],[3.99664668424988,50.9968275833326],[3.99674544033463,50.9957490091035],[3.99707859645751,50.9953922234163],[3.99695271813241,50.9947591969625],[3.9973538485726,50.9941071588282],[3.99701899762513,50.9936059250864],[3.99876233075313,50.9911923064218],[4.00025578951098,50.9903446241577],[4.00162836307256,50.9893958324187],[4.00327073532468,50.9879329880234],[4.00497244235719,50.9862637981036],[4.00627554994989,50.9847851228097],[4.00689650289479,50.9852692946059],[4.00795540984157,50.985812311632],[4.01025483637379,50.9864337509266],[4.01251903587702,50.9868076655686],[4.01465336528009,50.9870934701311],[4.01742363529397,50.9877244577741],[4.01802456214315,50.9878726965715],[4.01816717796892,50.9881772307109],[4.02033726209036,50.988006758683],[4.02041736876042,50.98772447308],[4.02108133974807,50.9873572731776],[4.02253209028962,50.9872356708812],[4.02339075219434,50.9874001224806],[4.02452127990486,50.9880080070552],[4.02612949108806,50.9875643610143],[4.02678822946165,50.9876010430169],[4.02768532800349,50.98734056678],[4.02938775426798,50.9875454915508],[4.02971911290437,50.9879611830402],[4.03095147157801,50.9878341207145],[4.03109545654193,50.9881366928285],[4.03189704982257,50.9879719936142],[4.03223291704925,50.9882176690995],[4.03187403630635,50.9885905726311],[4.03237159814345,50.988838378378],[4.0328509723553,50.9889878430408],[4.03325534289851,50.9894611207068],[4.0345037334274,50.9899540581159],[4.03539728611586,50.9901975439079],[4.03565875672313,50.9904192313657],[4.03602441313358,50.9905519838391],[4.03607279921399,50.9907906597108],[4.03655936114886,50.9909058819002],[4.03654266915797,50.9910849179461],[4.03720642469594,50.9914897161163],[4.03736368883445,50.9917904388388],[4.03654307438794,50.9922672267943],[4.03645336185143,50.992683139421],[4.03546233108458,50.9938152385709],[4.03524649102485,50.994475539487],[4.03479872275487,50.9950719577979],[4.03471444618632,50.9953379942303],[4.03392796264992,50.996113898676],[4.03476774157205,50.9970905900967],[4.03525706831884,50.9976897786817],[4.03495081071437,50.997822905408],[4.03548844907335,50.9984972502419],[4.03517172518839,50.9986966660789],[4.03597352000257,50.9994279435502],[4.03676879633928,51.0000186956896],[4.03743246045238,51.0008989982557],[4.03915441052815,51.0020489227874],[4.03836531276595,51.0026485847927],[4.03805461051193,51.0029496723515],[4.03776035872944,51.0037699003056],[4.0376757215594,51.0039052035327],[4.03714244824982,51.0039556690613],[4.03631999940679,51.00366538762],[4.03564359719185,51.0036627301685],[4.03509715243323,51.0037523793176],[4.03487024154611,51.0036519398367],[4.03385309728409,51.004222926134],[4.03224791182665,51.0048524720263],[4.03269496737067,51.0052780271808],[4.03249929238009,51.0053910144496],[4.03246963459193,51.005652650357],[4.03246206797496,51.0058463587479],[4.0318120475508,51.0064919404671],[4.03038749111846,51.007991669898],[4.02661354415765,51.0117457851915],[4.0263079489486,51.0122944376558],[4.02548753181581,51.0120712671399],[4.0242369149915,51.0116163724817],[4.02322195661278,51.0111111898636],[4.02234354957373,51.0106356833376],[4.02144627398886,51.0099354897413],[4.02075684201776,51.0093343078218],[4.01990429820096,51.0084647009655],[4.01884408335074,51.007675104378],[4.01803628200338,51.0072407106543],[4.01696603818019,51.0068780151384],[4.01574246134691,51.006570578119],[4.01454826883927,51.0063429418104],[4.01317473713873,51.0060137957425],[4.01204069443224,51.0058233846324],[4.01081188236002,51.005628303585],[4.00946680615886,51.00545629387],[4.00811478460606,51.005308573357],[4.0067294809663,51.0052476689922],[4.00531484313119,51.0052378943765],[4.00382371700041,51.0051936856735],[4.00261755514082,51.0051021233127],[4.0016470919549,51.00503205169],[4.00068505537754,51.0049269136821],[3.99963758624403,51.0047019186966],[3.99912310537336,51.0046082073108],[3.9979970591123,51.0036032905314]]]}},{"type":"Feature","properties":{"imageId":"https://iiif.ghentcdh.ugent.be/iiif/images/primitief_kadaster:550_0001_000_06090_000:550_0001_000_06090_000_0_0001","manifestUrl":"https://iiif.ghentcdh.ugent.be/iiif/manifests/primitief_kadaster:550_0001_000_06090_000"},"geometry":{"type":"Polygon","coordinates":[[[3.76475041043122,50.9867377071208],[3.86004132040105,50.9846398601584],[3.86419316552494,51.0742734374185],[3.76903445164561,51.0766035594642],[3.76475041043122,50.9867377071208]]]}},{"type":"Feature","properties":{"imageId":"https://iiif.ghentcdh.ugent.be/iiif/images/primitief_kadaster:550_0001_000_06206_000:550_0001_000_06206_000_0_0001","manifestUrl":"https://iiif.ghentcdh.ugent.be/iiif/manifests/primitief_kadaster:550_0001_000_06206_000"},"geometry":{"type":"Polygon","coordinates":[[[3.70147672329241,51.0712083137813],[3.70057681221149,51.0139351335101],[3.84104840581118,51.0136209822052],[3.8419483168921,51.0708941624764],[3.70147672329241,51.0712083137813]]]}},{"type":"Feature","properties":{"imageId":"https://iiif.ghentcdh.ugent.be/iiif/images/primitief_kadaster:550_0001_000_06288_000:550_0001_000_06288_000_0_0001","manifestUrl":"https://iiif.ghentcdh.ugent.be/iiif/manifests/primitief_kadaster:550_0001_000_06288_000"},"geometry":{"type":"Polygon","coordinates":[[[4.0654037633533,51.0854784882744],[4.06433002551593,51.0871211623087],[4.06343244467339,51.0888276300469],[4.0624755767499,51.0935051061627],[4.06230915360386,51.0938090678648],[4.06194884339614,51.0953897818038],[4.06149122522243,51.0953973992515],[4.06076673884725,51.0975299364889],[4.06110845591307,51.0979238230719],[4.0607366726147,51.098474840989],[4.06056120404602,51.1000254832687],[4.06007433478551,51.1002434883088],[4.05994468538481,51.1004970109608],[4.05968443115279,51.1007027472321],[4.05953804793213,51.1010334382282],[4.05883207700071,51.1015284941872],[4.05842632361135,51.1020034779784],[4.05933940920566,51.1024119723927],[4.06242133250413,51.10326660752],[4.06293662171467,51.1035241177009],[4.06325045024912,51.1038241416008],[4.06218645457299,51.1045664262407],[4.06192301953349,51.1050817016791],[4.06192745100494,51.1055434559905],[4.06221423894509,51.1057987627153],[4.06306227706506,51.1061454929999],[4.06372335462556,51.1066518054741],[4.06398202147511,51.1070591011562],[4.06464934433332,51.1073996857233],[4.06500916703628,51.1074469192032],[4.06602654340981,51.1079537695112],[4.06677512031884,51.1080109425911],[4.06793039192329,51.107890002884],[4.06938805974969,51.1069472826636],[4.06928424814727,51.1067108606004],[4.07096467792149,51.1061577786376],[4.07117659318635,51.1058459483077],[4.0716389056754,51.1055947214548],[4.07219123851821,51.105045210703],[4.07241331081855,51.1044204255484],[4.07308757194307,51.1033273192083],[4.07277137900717,51.1032236105861],[4.07339689665601,51.1024836539392],[4.07363357739442,51.1023343196319],[4.0741267029002,51.102228455719],[4.07471761049745,51.1017823050632],[4.07552674003884,51.101608863055],[4.07593015183609,51.1016644629995],[4.07609727085771,51.101990505186],[4.07551162375966,51.1034495430443],[4.07559966520475,51.1040304877918],[4.07601170687784,51.1045102145638],[4.07645268347048,51.1046802931612],[4.07713104223297,51.1047864475638],[4.07921795691091,51.1043866850354],[4.07984762664894,51.1043328202053],[4.08095406096011,51.1039169856501],[4.08220029165409,51.1038690538555],[4.0812923764121,51.099515617229],[4.07986173335462,51.0953975073345],[4.07984604247653,51.094965317652],[4.08163820667488,51.0952131878298],[4.08180022269696,51.0933146559456],[4.08304951680579,51.0925248024159],[4.08339032605638,51.0921232076147],[4.0837154844538,51.0914342999931],[4.0837364747532,51.091108593579],[4.08559686220168,51.0915256434126],[4.08707157173495,51.0932261871594],[4.08750763644563,51.0953413571803],[4.08813479674966,51.0955380745086],[4.08872237960361,51.0960803779365],[4.09001542844646,51.0953301991089],[4.09026786456504,51.0960609100268],[4.09085961555714,51.0967943367937],[4.09179013211233,51.0975216760622],[4.09358680276361,51.09749405861],[4.09382183961593,51.0980087218055],[4.09367810229374,51.0984936337147],[4.09375890878127,51.0987283443803],[4.0936954049204,51.0994247103055],[4.09299330162009,51.0996725522315],[4.0934759796082,51.1004964818665],[4.09411387974549,51.1009592263863],[4.09483301263818,51.1010955137757],[4.09495636650163,51.1016187652677],[4.09444720668115,51.1019409433993],[4.09422949696686,51.1023798602356],[4.09423641893034,51.1026308934724],[4.09447598938763,51.1028978650886],[4.09494090295991,51.102945685193],[4.09608301420651,51.1022508938732],[4.09742261455662,51.1008456950738],[4.09849365032533,51.0999063642981],[4.09826543648691,51.0996542068029],[4.0988550078551,51.0995444315862],[4.09915369784495,51.0992472329146],[4.09949891821444,51.0990898999688],[4.10105549387272,51.0990122082102],[4.10138907420052,51.0997277240315],[4.10364521807038,51.1000125009021],[4.10547144386131,51.1007174326284],[4.10591006367504,51.1011925982796],[4.10641432100379,51.1013495938533],[4.10772076027288,51.1016561947792],[4.10808172801704,51.1014247479736],[4.10835402849163,51.1014107677942],[4.10866266400939,51.1014881369356],[4.10893340249187,51.1016584279245],[4.10869530636361,51.1019555868255],[4.10880524352654,51.1021142181884],[4.10907728950257,51.102161504589],[4.10926380608831,51.1020880790764],[4.1105713158475,51.102908993777],[4.11113909711437,51.1033712912205],[4.11183394562038,51.1035548571766],[4.11250407240173,51.1038390084748],[4.11321285667325,51.1040461426725],[4.11502349730734,51.1037437953031],[4.11583788757647,51.1034334320226],[4.11610297244345,51.1030875171616],[4.11606691724414,51.1028830241161],[4.11634704626174,51.1022961003318],[4.11372152086904,51.1010422642862],[4.11278024673782,51.1004031647057],[4.1127201982221,51.1001383274818],[4.11401354602572,51.1004321429353],[4.11597258741132,51.1007362307181],[4.11861464054817,51.1013970067904],[4.11904116044355,51.1015685407784],[4.11866281732538,51.1016373980195],[4.11881003218089,51.1020656069104],[4.11877937011706,51.1026985737002],[4.11824094755881,51.1042709609577],[4.11727291825698,51.1048020736723],[4.11931173322057,51.1057105495353],[4.12017194177291,51.1059608960732],[4.12188093819234,51.1054916756653],[4.12259370181444,51.1056642037891],[4.12297559145413,51.1056743101952],[4.12319058834851,51.1052009063062],[4.12294811204158,51.1048781825226],[4.12382760503089,51.1041939763516],[4.12537596464368,51.1025364749837],[4.12598902558238,51.1023869040269],[4.12616842939391,51.1021791279453],[4.12587605429659,51.1018674153519],[4.12624729977679,51.1014977808875],[4.12669494495125,51.1011148033699],[4.12740912258582,51.1013427323981],[4.12761345466967,51.1013309420144],[4.12780529735342,51.101161727048],[4.12732068306693,51.1008772109774],[4.12730822095457,51.1007049446819],[4.12749989680663,51.1004909961279],[4.12807419002758,51.1003579532182],[4.12869964727425,51.1003531639893],[4.12885292415954,51.1005277243799],[4.12909561614631,51.1005991169943],[4.12927437488206,51.1004824465672],[4.12927422089508,51.100310420472],[4.12978521228614,51.1003714997578],[4.13042388601102,51.100300327656],[4.13134461754179,51.100503694338],[4.13143503276026,51.1008496330358],[4.1311940144153,51.1022772825724],[4.13142582112642,51.1037641376792],[4.13138880564719,51.1048141151071],[4.13177423401124,51.1052376039913],[4.13191617688702,51.1056194478195],[4.13263524598725,51.1060190450997],[4.13354609497371,51.1062091716095],[4.13469998396767,51.1062362046298],[4.13482771515776,51.1060789729293],[4.13542992698652,51.1059905658428],[4.13592917087909,51.1057716640935],[4.13701659633642,51.1051545391601],[4.13797625574354,51.1048533908793],[4.13880835151008,51.1048519572006],[4.14086948833038,51.1053144010018],[4.14195844583693,51.106025441259],[4.14570350543188,51.1077385713649],[4.14604899017068,51.1081671142183],[4.14676256656988,51.1082429709947],[4.14684010775647,51.1085928899251],[4.14910589619906,51.1089787378198],[4.15047893201906,51.1093241120524],[4.15079607602625,51.1092732883594],[4.15264917197332,51.1097417418288],[4.15470005838689,51.1098133516244],[4.1559762973738,51.1097804062232],[4.1579793079937,51.109268076396],[4.15886105111979,51.1092769814332],[4.15987045502436,51.1096664890522],[4.16127910147611,51.1117574025513],[4.1619983444694,51.1122539768146],[4.16306783860766,51.112544236186],[4.16437389262158,51.112665672419],[4.16662594963588,51.1121646119507],[4.16718925768767,51.1121937351966],[4.16924711349856,51.1105165690984],[4.17109289587427,51.1105989323433],[4.17244005168214,51.110805848884],[4.17352186858116,51.1107835634326],[4.17451456048658,51.1106768344295],[4.17571464747153,51.1103987561471],[4.17656178329682,51.1098762536331],[4.17700822085539,51.1092099544761],[4.17698089407352,51.1078609507843],[4.17661897505415,51.1066450665814],[4.17667101511975,51.1062505384608],[4.17632278583821,51.1061693044867],[4.17609599693625,51.1055303294602],[4.17598281023289,51.1045800995766],[4.17601240857341,51.1039291414338],[4.17625470451481,51.1034066134712],[4.17653417914306,51.1032788745398],[4.17685868618378,51.103391102941],[4.17668874514734,51.0992550970471],[4.17634336466586,51.098508158394],[4.17588622829945,51.095743623675],[4.17515347145139,51.0924886939508],[4.17255007933244,51.0911556596456],[4.1700837252732,51.0905147799336],[4.16939410640359,51.0898071530529],[4.16880641542337,51.0887284337612],[4.16835518905179,51.0884668602828],[4.16764769621278,51.0882498081159],[4.16755977027555,51.0879320566441],[4.16770123395877,51.0875691401933],[4.16741864773233,51.0871052676361],[4.16735123921112,51.0866863911101],[4.16668116833337,51.0860680347618],[4.16515238033981,51.0850312530413],[4.16385819123841,51.0845667725213],[4.16318653047345,51.0838904500815],[4.16238560007547,51.0836746177682],[4.16197282947624,51.0830999665762],[4.16181970924048,51.0826935207539],[4.16110986561971,51.0822767068399],[4.16108184889298,51.0818536290936],[4.16114553685075,51.0812134794032],[4.16213895252982,51.0805253317276],[4.16230680887877,51.0799771895567],[4.1612970870618,51.0795869169811],[4.16094686350619,51.079260856472],[4.16054469249294,51.0790999219741],[4.16001581609768,51.0791356067574],[4.15807083838884,51.0787022462533],[4.15653984002868,51.0789806249996],[4.15564195720901,51.0790202139166],[4.15467370712719,51.078716358507],[4.15415413208317,51.0784035126698],[4.15357740335448,51.0782308285486],[4.15325214580513,51.0779561723268],[4.15180674607812,51.0776800498804],[4.15110528115909,51.0777740243775],[4.14991302302535,51.0773421342656],[4.1489314646924,51.0769347424931],[4.14810549369902,51.0763752100738],[4.14782710385346,51.076019338972],[4.14644636938514,51.0753317266602],[4.14593701931364,51.0752777926271],[4.14504719034064,51.0757259033116],[4.14452123664782,51.0756839430256],[4.14332953298293,51.0753924989653],[4.14165387483898,51.0747600541579],[4.13715683817497,51.0722399403028],[4.13335165950568,51.070436988009],[4.13370153865565,51.0700003749166],[4.13334775415028,51.0699286871519],[4.13314337511645,51.0700308421317],[4.13263996158464,51.0698076443513],[4.13235538986196,51.0698759290266],[4.12853257470834,51.0689521402569],[4.1264987503268,51.0695164117403],[4.12516728605165,51.0697624380117],[4.12304495454503,51.0697651131071],[4.12242544156841,51.069583340975],[4.12213554797609,51.0687471183401],[4.12191315726572,51.066220140572],[4.12202966266773,51.0656791594879],[4.12108489502462,51.0653878078675],[4.12009618400884,51.0653607948013],[4.11917784494857,51.06495897354],[4.11830427885053,51.0649935504337],[4.11789007398823,51.0652287806398],[4.11730252298191,51.0653078000805],[4.11677860871627,51.0655953182297],[4.11568047813401,51.066521856385],[4.11548834993262,51.0667977771681],[4.11509988006453,51.0668898881033],[4.11401096157675,51.0675241836219],[4.11244722831407,51.0668124324972],[4.11213830177263,51.0667817473161],[4.11190227903871,51.0671733552664],[4.10990117606464,51.0663345746528],[4.1100871783514,51.0660880359439],[4.10872526340431,51.0655268775255],[4.10844845422323,51.0654959959024],[4.10779228580924,51.0672166452897],[4.10715720466243,51.0679293726361],[4.10709937996916,51.0683268150037],[4.10729976686303,51.0685006223786],[4.10642827516517,51.0723083234832],[4.10187344873902,51.0704284299289],[4.10007411948212,51.0695678055234],[4.10017258001353,51.0693418464259],[4.09982217106258,51.069246158543],[4.09819839426238,51.0703880598732],[4.09715867118742,51.0697366010114],[4.09596241782643,51.068718779286],[4.09512191362936,51.0676058668915],[4.0946994076893,51.0666155762836],[4.09427910395396,51.0665543613811],[4.09388235518001,51.0666397321401],[4.09233196275319,51.0661839331758],[4.09204338368359,51.0666706889501],[4.09020061893982,51.0682055277914],[4.08949251090853,51.0684290610928],[4.08916711777439,51.0688077820058],[4.08915270034249,51.0690786559798],[4.08686270185359,51.0710926338895],[4.08653389312417,51.0715301874252],[4.0868675008159,51.0728244166837],[4.08567273589601,51.0725885545906],[4.08427417648075,51.07275885915],[4.08307848421982,51.0733768807917],[4.08209675216153,51.0737885224135],[4.08167596367903,51.0745122992241],[4.08107284740888,51.0766374335442],[4.08110637309467,51.0768334054554],[4.08460231593949,51.0766108855474],[4.08362005589318,51.0781074529328],[4.08352385692064,51.0801864262834],[4.08088675374292,51.0822533339951],[4.07954864680911,51.0846940453656],[4.07819962476339,51.086376433154],[4.07766852322016,51.0862098144819],[4.07611400852103,51.0879903049117],[4.07549654413569,51.0878214628312],[4.07497986687029,51.0884759909321],[4.07067123496444,51.0871376000949],[4.06694348593803,51.0858062228521],[4.0654037633533,51.0854784882744]]]}},{"type":"Feature","properties":{"imageId":"https://iiif.ghentcdh.ugent.be/iiif/images/primitief_kadaster:550_0001_000_06294_000:550_0001_000_06294_000_0_0001","manifestUrl":"https://iiif.ghentcdh.ugent.be/iiif/manifests/primitief_kadaster:550_0001_000_06294_000"},"geometry":{"type":"Polygon","coordinates":[[[4.16888476261644,51.0348772790448],[4.16812913391462,51.0354067714779],[4.1670856498917,51.0363533199241],[4.16607815084953,51.0374519970648],[4.16502267384825,51.0384821096441],[4.16448294020193,51.0389363225049],[4.16387123682224,51.0391014787726],[4.16366733816718,51.0393212061518],[4.1638232630837,51.0393141289371],[4.16329553005839,51.0401940043306],[4.16246794656631,51.0414300923083],[4.16125655651174,51.0432577234941],[4.1597213284367,51.0455022899583],[4.15922957628565,51.0462606797184],[4.15855791269102,51.0471552729696],[4.15800618948843,51.0479210619034],[4.15774232445868,51.0484598047741],[4.15733452863147,51.0489980647064],[4.15695071773435,51.0493007927906],[4.15615910222666,51.0495565501612],[4.15519956255027,51.0494849269898],[4.15258481790457,51.0493545472406],[4.1516012921574,51.0494424519374],[4.15043785622141,51.0497501645031],[4.14964624424988,51.0502415342117],[4.14922645521617,51.0508481574811],[4.14923845948741,51.0515170327498],[4.15009006555253,51.0525535442631],[4.15108559100816,51.052830498915],[4.1520211437012,51.0530008467707],[4.15320857551795,51.0531872405645],[4.15424008139155,51.0533123079911],[4.15530757213184,51.0535819037143],[4.15601523975684,51.0541087056233],[4.15608721188567,51.0545573705744],[4.15593129860425,51.0553396883849],[4.15554749363874,51.0560376371649],[4.15482784763628,51.0565672503326],[4.15394028088722,51.0569974948983],[4.15341253702531,51.057155332482],[4.15238103103764,51.0570226646574],[4.15082177537051,51.0566602141187],[4.14794314881277,51.0559437183366],[4.14656380561584,51.055513467889],[4.14494458608355,51.0556372415977],[4.14274964735384,51.0560250974828],[4.1377960465271,51.0571713372459],[4.13540920383173,51.057809362347],[4.13497741200968,51.0578459155218],[4.13465356634655,51.0577536241344],[4.13424575705914,51.057395037103],[4.13277047562477,51.058005719222],[4.13290241618154,51.0582721758455],[4.13299837141535,51.0583637025804],[4.13195488157488,51.0589226307287],[4.13148711036149,51.0591794747108],[4.13123523203627,51.0592166315585],[4.13097135708248,51.0590941398035],[4.13071947795877,51.0590780938652],[4.13022771679623,51.0592360521836],[4.13037165569263,51.0597761633799],[4.13052758517193,51.060073102085],[4.13032369039524,51.0605512429961],[4.1302157446926,51.0607104891503],[4.13026372710042,51.0610754692336],[4.13049162095183,51.0613042458261],[4.13050361894924,51.0615550992048],[4.13049162756786,51.0617450689099],[4.13049162996332,51.0619046772679],[4.13053960860685,51.0620188442173],[4.13047964211809,51.0623302593109],[4.13039568590832,51.0625579895367],[4.1304796477075,51.0627026788127],[4.13022777166367,51.0628918436204],[4.12974800439204,51.0630270409897],[4.12938817762652,51.0630410344396],[4.12918427452275,51.0629643462969],[4.1289443906588,51.0630167441855],[4.12882444958234,51.0630999461148],[4.12889641794688,51.063297797932],[4.12888442645143,51.0634801672391],[4.12869252225763,51.0637151356591],[4.1284286538058,51.0640258665899],[4.1279608822502,51.064259909378],[4.12740914900949,51.064356863288],[4.12713328176175,51.0643635380541],[4.12690539247313,51.0644387773815],[4.12684542484367,51.0646741884951],[4.12662952978817,51.0647494680675],[4.12654557277992,51.0649239955073],[4.12635366710322,51.0650601587534],[4.12600583514117,51.0651121944382],[4.12583791713222,51.065195235388],[4.12570598296334,51.0653544010525],[4.12570598524473,51.0655064090124],[4.12539413518356,51.0655053626458],[4.1251302615986,51.0654740756668],[4.12487838258897,51.0654656301265],[4.12453055108319,51.0655480674033],[4.12442260583683,51.0657377151495],[4.12377491542313,51.0656139355586],[4.12315121165056,51.0653686300896],[4.12238357696646,51.0651152412841],[4.12183184201471,51.0650981892242],[4.1213880553892,51.0650967001641],[4.12128010945842,51.0652407455222],[4.12231168400187,51.0699412525434],[4.12259954536866,51.0699270176242],[4.12277946057654,51.0700416272672],[4.12321125296893,51.0700430760824],[4.12465056333903,51.0702075138245],[4.12574203980789,51.0702947804855],[4.12678553637847,51.070184275819],[4.1277450740016,51.0701190918265],[4.12962815708073,51.069357770073],[4.1320270131729,51.0699966520804],[4.13333439062888,51.0704038598649],[4.13379017125938,51.0703901883739],[4.13368222749593,51.070678641294],[4.13477371069489,51.0712143314368],[4.13736448409885,51.0724922907939],[4.13981132328327,51.0735417552726],[4.14332566267574,51.0754916485083],[4.1447170048967,51.0762411559167],[4.14574851556123,51.0766854400592],[4.14636022190673,51.0767178941395],[4.14712784917631,51.0764772570751],[4.14767958161853,51.0763271003791],[4.14812336927067,51.0763969930212],[4.14855516314597,51.0764972470104],[4.14881903661686,51.0765209335915],[4.14931080348288,51.076742995173],[4.14961066432999,51.0770784188066],[4.14956269059144,51.077291068971],[4.14963465792936,51.0774205172062],[4.14986255006972,51.0775352878287],[4.15007844660812,51.0775588134303],[4.15012642559386,51.0776957815737],[4.1501024390668,51.0778249078499],[4.15035432012968,51.0779701605541],[4.15078611400498,51.0780704145433],[4.1513018691091,51.0782773558186],[4.15172167023418,51.0784763747369],[4.15198554689902,51.0787128724619],[4.15228540455218,51.0788354849516],[4.1528011555498,51.0787688118989],[4.1530530331906,51.0786860526632],[4.15353280251548,51.0786876624579],[4.15404855533821,51.0787425957732],[4.15425245924047,51.0788724867019],[4.15431243291561,51.0790398966822],[4.15458830290101,51.0792156314681],[4.15511605086942,51.0793314082123],[4.15530796213553,51.0795676644681],[4.15571576811493,51.0797058399575],[4.15665132149239,51.0799217902012],[4.15738297108167,51.0800154499141],[4.15825854907295,51.0799499842075],[4.15860637932395,51.0797839425527],[4.15905016389622,51.0796486244489],[4.16014164070729,51.0797586923038],[4.16090927208338,51.0797916695673],[4.16138904334744,51.079922486128],[4.16182083973227,51.0801899488732],[4.16214468471098,51.0802366378726],[4.16232460060327,51.0803968499036],[4.16222865004631,51.0806169394866],[4.16201275419232,51.0806390162729],[4.16124513764527,51.0815940907491],[4.16076538235094,51.0825273299081],[4.16076539102022,51.0831049601559],[4.16113722046001,51.0836534364026],[4.16170095329511,51.0839137414433],[4.1618808691874,51.0840739534743],[4.16188087078437,51.0841803590463],[4.16216873215116,51.0841661241271],[4.16262451472084,51.084281659402],[4.1630802992297,51.0845264014429],[4.16328420301789,51.0846486919737],[4.16333218348653,51.0848844652911],[4.16316426661828,51.0850435102208],[4.1633321850835,51.084990870863],[4.16354808116563,51.0849839948726],[4.1638239497822,51.0850685248826],[4.16414779624381,51.085214019056],[4.16444765321256,51.0852910291576],[4.16474751075165,51.0854060412493],[4.16495141556647,51.085596735362],[4.16515532106569,51.0858330318627],[4.16556312795765,51.0860320105361],[4.16597093439333,51.0862005876176],[4.1662108230482,51.0864674064449],[4.16623481379583,51.0866194948945],[4.16615085655944,51.0867788215384],[4.16609088801743,51.086953429468],[4.16615086294733,51.0872044438263],[4.16630679151408,51.0874405793475],[4.16616286276986,51.087576903573],[4.16604292157934,51.0876525051043],[4.16600694116136,51.0878043923297],[4.16627081794027,51.0880484904527],[4.16687053301846,51.088278514636],[4.16731432203943,51.0884396120541],[4.16759019156856,51.088584945248],[4.16781808587624,51.0888441234324],[4.16781809157971,51.0892241433323],[4.16786607296091,51.0895207198337],[4.16815393923269,51.0898333020284],[4.16844180436377,51.0900698802432],[4.16852577357747,51.090708595389],[4.17013300937103,51.0912840180512],[4.16976118825832,51.0912903708583],[4.169533297829,51.0912896062058],[4.1693174027735,51.0913648857781],[4.16916147922582,51.0914631677688],[4.16932940099905,51.0916309399529],[4.16990512327635,51.0915720685226],[4.17032492075121,51.091527874705],[4.17436698438563,51.0920126619013],[4.17437897496853,51.0917694894103],[4.17433099233256,51.0913893085309],[4.17448690949235,51.0908654042524],[4.17479875077017,51.0902812199731],[4.17568631192983,51.0894785559056],[4.17666982992027,51.088873824145],[4.17752141545288,51.0885422640187],[4.17918860792522,51.0881526373595],[4.18139553986143,51.0876964181373],[4.18350651713417,51.0871866741702],[4.18529364862972,51.0865770384178],[4.18638511426198,51.0859422672689],[4.18738062032579,51.0849271542613],[4.18837612353786,51.0837220313037],[4.18943159027288,51.0820078829046],[4.19023517765607,51.0802624877713],[4.19093081306279,51.0782583169023],[4.19124261932127,51.0753408104378],[4.1910626816417,51.0737289223893],[4.1903070030915,51.0709370408975],[4.18927545786391,51.0681898361617],[4.18855577627177,51.0663481251542],[4.18807598892391,51.0651456524759],[4.18782409736663,51.064301163156],[4.18765616224726,51.0632441444061],[4.18782406451461,51.0621122485326],[4.18823184699568,51.0606847420346],[4.18879556876604,51.0602078084695],[4.18937129058706,51.0601185354472],[4.18987504894853,51.0601582277217],[4.19031883534591,51.0601445159858],[4.19113444490925,51.0602612586068],[4.19257375573562,51.0604560979409],[4.19372520382638,51.0605739674182],[4.19433690994374,51.0605912207024],[4.19450482510094,51.0603181698027],[4.19545236814875,51.0602301443713],[4.19545235628552,51.0594397029795],[4.19440886085564,51.0596262116259],[4.19359325368776,51.0596690773629],[4.19282562231168,51.0596361000994],[4.19189006916235,51.0594353506517],[4.19137431497079,51.0592892125605],[4.19091853126041,51.0590976733055],[4.19078659241468,51.058945222652],[4.19108644607541,51.0588018212118],[4.19173413306702,51.0586975888627],[4.19300552189203,51.0587094552167],[4.1946847156698,51.0587910934782],[4.1959800923907,51.0587650383319],[4.19767126648511,51.0579194682826],[4.20019005692364,51.0580267248788],[4.20039395557869,51.0578069974996],[4.20060984561514,51.0573973004154],[4.20069379498073,51.0567135463097],[4.20046589668062,51.0561883541953],[4.20027398267684,51.0557696883876],[4.19936240487577,51.05469497366],[4.19863074661721,51.0540236836992],[4.19768318965292,51.0531844605749],[4.19695153185064,51.0525435722062],[4.19586004762505,51.0519394784814],[4.19550021458571,51.0515354500415],[4.19323327714896,51.049703748242],[4.19103831674604,51.0486475285075],[4.18940708906415,51.0478440134157],[4.18855548847437,51.0471723210063],[4.18817166400298,51.0465706017287],[4.18790777615933,51.0455892649999],[4.18800371759072,51.0447611435772],[4.18835154133977,51.0441618792365],[4.18913115497168,51.0433968549552],[4.18974284968209,51.0426540684397],[4.19057043169127,51.041319175288],[4.19106217095246,51.0397019405541],[4.19097818405799,51.0378851637186],[4.19054636349043,51.0360064165979],[4.19031846199637,51.0352684133397],[4.19031845458185,51.0347743874698],[4.19054633006806,51.0337794999846],[4.18989863212577,51.033154094126],[4.18937087856796,51.0326658978799],[4.18764369576633,51.0317784564512],[4.18681609105731,51.0316008704014],[4.18490900673615,51.0315108670894],[4.18307389465789,51.0318771291265],[4.18266609335534,51.0320505699549],[4.18183849366538,51.032207401417],[4.18135872468271,51.0322285928163],[4.17943964008274,51.0317357281656],[4.17844411474118,51.0314663739116],[4.17628515825456,51.0318239489393],[4.17472591410845,51.0322291385983],[4.17205121506535,51.0332158161304],[4.16888476261644,51.0348772790448]]]}},{"type":"Feature","properties":{"imageId":"https://iiif.ghentcdh.ugent.be/iiif/images/primitief_kadaster:550_0001_000_06362_000:550_0001_000_06362_000_0_0001","manifestUrl":"https://iiif.ghentcdh.ugent.be/iiif/manifests/primitief_kadaster:550_0001_000_06362_000"},"geometry":{"type":"Polygon","coordinates":[[[4.24929498486642,51.1140367923354],[4.24877033647563,51.1253557158774],[4.25019692612358,51.1255855701282],[4.24864177925629,51.1272697392582],[4.2492703649596,51.1318944415056],[4.24911373290266,51.1355743792325],[4.2483430673907,51.1379157615838],[4.24782588083147,51.1405835158314],[4.24771836106226,51.1417198853406],[4.24778762334194,51.1419800022615],[4.2452509272859,51.1469905571417],[4.24250319166792,51.1514521123525],[4.23974274622423,51.1550083444962],[4.23857022850391,51.1564308620556],[4.23740149640384,51.1583768677303],[4.23568874012728,51.1630752482085],[4.23496095968503,51.1645826577805],[4.23419327717476,51.165213604475],[4.23113379988767,51.1669450784925],[4.23233503073194,51.167316171498],[4.2329425914901,51.1673479970637],[4.23363372501002,51.1673405172649],[4.23412693858108,51.1672199578842],[4.23479994017462,51.1670360083968],[4.23569535821658,51.1669725954551],[4.23605154819644,51.1667459791248],[4.2367837297907,51.1668764067546],[4.23746728016285,51.1666463019871],[4.2378470124038,51.1671108165647],[4.23821975924033,51.1673679542577],[4.23869878565074,51.1675394425665],[4.23919810914786,51.1675955108973],[4.24003782454812,51.1676709478281],[4.24017310393177,51.1680687080568],[4.24073889123851,51.1682852000643],[4.24136050261209,51.1683628917044],[4.24177123082202,51.1686500467226],[4.24211808590693,51.1688457647338],[4.24309036903346,51.1688811483415],[4.2444297511235,51.1686592903903],[4.24489660692476,51.1684777130098],[4.24542126345731,51.1685486153891],[4.24587936030219,51.1687889422096],[4.24659922474214,51.1685508387294],[4.24872409868888,51.1685268289045],[4.24994373883622,51.1683211784498],[4.25085675624687,51.1680346445172],[4.25186889188923,51.1677928600362],[4.25284181775926,51.1677966904294],[4.25419539871049,51.1675659162972],[4.25403845629185,51.1669469977336],[4.25279652870547,51.166908067445],[4.25227450249259,51.1665998279671],[4.2524204264032,51.1662683799561],[4.25337012001952,51.1663032646529],[4.2537107642432,51.1663069117713],[4.25402374739753,51.166218861599],[4.25414851270837,51.1659720045716],[4.25426450422573,51.1658172573397],[4.2545716997925,51.1655682060743],[4.25437610923655,51.1652023271323],[4.25364240653978,51.1650881634047],[4.25418665717397,51.1650050777328],[4.25477234136996,51.1650595804648],[4.25501082894607,51.1649263555622],[4.2561147221941,51.1648442850207],[4.25649803842437,51.1646786662522],[4.2571685203964,51.164379256763],[4.25750376550896,51.1642295592496],[4.25851047492383,51.1641486251798],[4.25908196718429,51.1641418351085],[4.25960048032138,51.1643502935522],[4.26011949915594,51.164236741576],[4.26105031533571,51.164072238778],[4.26153142179035,51.1639208312856],[4.26225153676182,51.1639810263087],[4.26282377428791,51.1639893297252],[4.26335610777433,51.1639061819432],[4.26369757065148,51.1639249223097],[4.26393854943902,51.163860672843],[4.26431680548628,51.1635650370109],[4.2648181056932,51.1633061799754],[4.26569098722504,51.1632187258145],[4.26704820130415,51.1630637521617],[4.26823522211062,51.1629106820445],[4.26911232875315,51.162922020813],[4.26946984608441,51.1627261153332],[4.26991406291216,51.1625672596293],[4.27009380663789,51.1621903065606],[4.27119364941053,51.1619842891273],[4.27135786541135,51.1618292071885],[4.2721328554149,51.162017060051],[4.27261768289646,51.1619567215318],[4.27331051623298,51.1619162277777],[4.27378122326922,51.1621003278434],[4.27425246977891,51.1620017403136],[4.27463878712362,51.1619119938841],[4.27553012147043,51.1619443847731],[4.27623338209474,51.1618496059965],[4.27655575756556,51.1619744188821],[4.27701960109342,51.1619824397142],[4.27736223876432,51.1620075820849],[4.27751552308748,51.161882984466],[4.27752200182587,51.1614629360787],[4.27735670274353,51.1613052136065],[4.27733312427374,51.161038360382],[4.27759038485492,51.1610648288003],[4.27786344936854,51.1611750067023],[4.27843151473863,51.1610513632616],[4.27897886192213,51.1610119376375],[4.2794969380593,51.1608583757459],[4.27979552849204,51.1607083752922],[4.28042838902758,51.160667278714],[4.28087903011616,51.160644418719],[4.28169520836031,51.160325101686],[4.28190777362751,51.1601611000194],[4.28212871765749,51.1601878312515],[4.28236534580751,51.1600157446867],[4.28238100961373,51.1598169390583],[4.28323477215599,51.1597943755669],[4.28374832404049,51.159808222266],[4.28419853521208,51.1597696796131],[4.28432871731494,51.1596757120378],[4.28428157173855,51.1594397977043],[4.28467581786579,51.1592418007664],[4.28525894933913,51.1591701898403],[4.28554505532615,51.1590122428352],[4.28543371070531,51.1587087285475],[4.28518345570101,51.1585757783132],[4.28547019502364,51.1584330793291],[4.28538600306589,51.1581901744838],[4.28591816997018,51.1580735150091],[4.28629499292004,51.1583034266462],[4.28675318925846,51.1584401581796],[4.2871749216373,51.1583101485493],[4.28782613537267,51.1583897792781],[4.28865153441964,51.1585348966851],[4.28891495895113,51.1586828093083],[4.28917980427714,51.1588612597511],[4.28969872519309,51.1589814846869],[4.29009093143662,51.158737269037],[4.2904358348834,51.1590594141863],[4.29087490939793,51.1590359141543],[4.29108140538949,51.1587416413326],[4.29133526078787,51.1589432238906],[4.29181561546444,51.1590182844236],[4.29253683296552,51.1590123962567],[4.29348884350558,51.1589716004871],[4.29430613776091,51.1589256960847],[4.29528373669791,51.1586474903333],[4.2958809561236,51.1583458571436],[4.29652555219159,51.1577605765411],[4.29627390063799,51.1571079999364],[4.2961424494002,51.1566672027706],[4.29615197569933,51.1563613477512],[4.29609641456429,51.1562248280015],[4.29679612887707,51.1557915782489],[4.29714752175248,51.1557316111672],[4.29759618008789,51.1556622407242],[4.29799361762975,51.1553035418486],[4.29852584271323,51.1549577699824],[4.29912742525375,51.1554968436351],[4.29961052614628,51.1556256040437],[4.30047417629688,51.1555490213765],[4.30083171492023,51.1553746792281],[4.30087645635058,51.1550608703199],[4.30146207635691,51.1552795697621],[4.30178464654167,51.1553731380437],[4.30226525991115,51.1552197263075],[4.30277586774086,51.1551727217882],[4.30323393794263,51.1550580304561],[4.30350598263323,51.1548931975241],[4.30378890791635,51.1551553511729],[4.3043699985297,51.1552827810452],[4.30481496668623,51.1551532636992],[4.30492277388162,51.1548922325993],[4.30567636482111,51.1548264138866],[4.30599897015996,51.1546992183254],[4.30600127868775,51.1545239581149],[4.30647356074761,51.15445540985],[4.30662645781863,51.1543539702094],[4.30670420197414,51.1540101608489],[4.30692068293736,51.1537480396962],[4.30713649151948,51.1536838428991],[4.30736041226848,51.1537564647425],[4.30754228162133,51.1541492469493],[4.30796877540225,51.1545535226539],[4.30828081256055,51.1546704216477],[4.30928197032905,51.1546701672687],[4.31011177862823,51.1544599014068],[4.31116330258681,51.1542925009119],[4.31307351275817,51.1542203579154],[4.3135159049539,51.1540855547332],[4.3141296957768,51.1543584888184],[4.31457987576389,51.1545580358129],[4.31459963779137,51.1548922156261],[4.31469179096772,51.1552258245518],[4.31487899093907,51.1555281006417],[4.31497404732404,51.1559306936553],[4.3147701179868,51.1562075034945],[4.31467511565913,51.156712006247],[4.3147657722567,51.1570542830278],[4.31507104788443,51.1573177331049],[4.31568729170822,51.1574860088504],[4.31643434838788,51.157607269292],[4.31679294641536,51.1582216957064],[4.31754699022453,51.1584959642616],[4.31788012213462,51.1583626022087],[4.31850629952744,51.1582721418217],[4.31832742197246,51.1576178840657],[4.31837770646042,51.1574191416835],[4.31906923515924,51.1579003688578],[4.3197405291393,51.158229407111],[4.31985103820942,51.1584952818134],[4.32026080520223,51.1586896361158],[4.32122923455191,51.1586727916278],[4.32197974307304,51.1584295781431],[4.32231756788566,51.1581751421988],[4.32248248617552,51.1578614958315],[4.32300404914181,51.1578797676999],[4.32333377202841,51.1583869441766],[4.32364185816281,51.1587193055312],[4.32510353861798,51.1593460196072],[4.32572223233059,51.1595994345852],[4.32687955585654,51.159962185728],[4.32820193521529,51.1599957092208],[4.3331480821227,51.1600103180961],[4.33310877449391,51.1549703819175],[4.33250031324363,51.1521310027028],[4.33216788459879,51.1505182119868],[4.33167277321908,51.1480390694525],[4.33136380184364,51.146687305011],[4.33137124423522,51.1454893087281],[4.33109190147872,51.143757313259],[4.33099297818972,51.1424638841992],[4.33078489855025,51.1407937249206],[4.32985272052152,51.1388986642829],[4.32943484626854,51.1380879847168],[4.32899424131997,51.1373156207011],[4.32881258548864,51.1366404005535],[4.32871240680675,51.1355103624772],[4.32802185818824,51.1338322496118],[4.32724227467807,51.1327320594459],[4.32663439444896,51.1320225864722],[4.32556025515237,51.1308255859166],[4.32502026683891,51.1299621998738],[4.32377793872695,51.1291593196252],[4.32218126613809,51.1279301346591],[4.32163337786545,51.1278891753031],[4.32118380126281,51.1275249523351],[4.31953066535202,51.1267578817626],[4.31867120306265,51.1264746077153],[4.31772429154173,51.1261156265729],[4.31677388105958,51.125649518116],[4.31466227015963,51.1249347712834],[4.31273022156129,51.1244949427764],[4.31056805386793,51.1236904892536],[4.30929767186034,51.1230608286517],[4.30885277813687,51.122812934381],[4.30874052350961,51.1223544401161],[4.30921842080204,51.121406553549],[4.30984672478357,51.1209704032383],[4.30638133745025,51.1199675526729],[4.30568708048273,51.1206039928968],[4.30529382723815,51.1215434695301],[4.30514745926001,51.1226179589537],[4.30352489673565,51.122315405683],[4.30240041644895,51.1220377756217],[4.30060360658659,51.1219525087848],[4.29772140981854,51.1220193524823],[4.29393879827664,51.1219454971392],[4.29001206914827,51.1218745809126],[4.28865734329643,51.1219233326352],[4.28403946121662,51.1217778465324],[4.2816719784882,51.121571366556],[4.2809805830724,51.1211657836785],[4.28027673001727,51.1211136491868],[4.27988537685403,51.1213569536194],[4.2782192368879,51.1214865005303],[4.27500840691815,51.1210366865831],[4.27145902315075,51.1199064603222],[4.269296823952,51.1183047063635],[4.2675191015946,51.1173357318048],[4.26606086780423,51.1161629972344],[4.26443487811564,51.1153994281375],[4.26232822718286,51.1151024853111],[4.25876492320409,51.1144081605135],[4.25729645315711,51.1143566400631],[4.25577189176554,51.114436279043],[4.25349646458118,51.1142022066231],[4.25292858414099,51.1139171221858],[4.24929498486642,51.1140367923354]]]}},{"type":"Feature","properties":{"imageId":"https://iiif.ghentcdh.ugent.be/iiif/images/primitief_kadaster:550_0001_000_06377_000:550_0001_000_06377_000_0_0001","manifestUrl":"https://iiif.ghentcdh.ugent.be/iiif/manifests/primitief_kadaster:550_0001_000_06377_000"},"geometry":{"type":"Polygon","coordinates":[[[3.81951757318419,51.0867339734464],[3.81682440159902,51.0095446635886],[3.90001811743788,51.0083892279326],[3.90271128902305,51.0855785377904],[3.81951757318419,51.0867339734464]]]}},{"type":"Feature","properties":{"imageId":"https://iiif.ghentcdh.ugent.be/iiif/images/primitief_kadaster:550_0001_000_06382_000:550_0001_000_06382_000_0_0001","manifestUrl":"https://iiif.ghentcdh.ugent.be/iiif/manifests/primitief_kadaster:550_0001_000_06382_000"},"geometry":{"type":"Polygon","coordinates":[[[3.88050924897681,51.0786601333766],[3.8810374805156,51.0751859026925],[3.88114860775931,51.0726676424202],[3.88125112823883,51.0694463696497],[3.88101648059507,51.0669739733906],[3.88084061743612,51.0652463910522],[3.88121160933901,51.0640219514696],[3.88216681629922,51.0632991837007],[3.8833378904608,51.062766448568],[3.88466463638488,51.0608995728488],[3.8860465732041,51.0588843070563],[3.88659860127636,51.057628800353],[3.88719884356279,51.0560036578766],[3.88744534002496,51.0545563256252],[3.88764370988848,51.0535264246085],[3.8877609078636,51.0530040061643],[3.88842615730113,51.0529569584239],[3.88815630453528,51.0516487727842],[3.88747223677463,51.050188835558],[3.88674362300144,51.0485675782096],[3.88625249423876,51.0476875651186],[3.88561474072164,51.0465481116073],[3.88509352539721,51.0452545164454],[3.88434849541714,51.0433480086591],[3.88379374465434,51.0421864804358],[3.88385786823787,51.0419492879559],[3.88447130373554,51.0418571805228],[3.88310738913093,51.0399730493621],[3.88221337127617,51.0401425296667],[3.88218021499288,51.0399431526443],[3.88276559628525,51.0397738628838],[3.88303833484873,51.0395126867402],[3.88330698029226,51.038298605965],[3.8835740694328,51.0370593838749],[3.88369467239087,51.0367125670019],[3.88300053690966,51.0357735975945],[3.88239379690308,51.0354278963347],[3.88247630342963,51.0347643057671],[3.88288746205752,51.0331336408953],[3.88305619871458,51.031578588712],[3.88336794166189,51.0301760220358],[3.88346711884357,51.0292768803614],[3.88383258038569,51.0282441356389],[3.88421747395531,51.0273734939877],[3.88466307484695,51.0267890874198],[3.88559665082469,51.0260770948177],[3.88703201411767,51.0256171528601],[3.88811535237719,51.0252909239563],[3.88953070389732,51.0249615466171],[3.89082596824695,51.0247178346682],[3.89201541454755,51.024622116253],[3.89251702036189,51.0245476769908],[3.89313214250223,51.0241765420724],[3.89364220452088,51.0235729043213],[3.8939148748731,51.0228159756175],[3.89416721737911,51.0221759502201],[3.89439494266516,51.0219560123461],[3.89542486670759,51.0217978690012],[3.89616698306576,51.0219223185032],[3.89698655752368,51.0217114548386],[3.8965007520344,51.0214989731655],[3.89751271009893,51.0215735837533],[3.90014635663742,51.021979161715],[3.90270383538397,51.0222825389511],[3.90489005842139,51.0224567171399],[3.90711767338041,51.0227766597541],[3.90979417154972,51.0231588777138],[3.91093428791954,51.023173774105],[3.91106911900785,51.0230166735202],[3.91141572629515,51.0229341896577],[3.91149954062344,51.0226149711899],[3.910507283123,51.0226598929192],[3.91047616019162,51.0220784323768],[3.91113430352772,51.0221003839129],[3.91180413150553,51.0219903325766],[3.91258500189647,51.0216927851284],[3.91357767230926,51.0212453810804],[3.91458793150301,51.0212008494947],[3.91585199894515,51.0214550041542],[3.91767317840151,51.0222744746003],[3.92007892961619,51.0233801005943],[3.92286289205047,51.0245975176126],[3.92547411799716,51.0257649605083],[3.92514497355179,51.0261937984095],[3.92393353127655,51.0257595481612],[3.92333784268065,51.0263851691881],[3.92308424178947,51.0268057840345],[3.92358040445597,51.0270470764067],[3.92412837956066,51.0272724116969],[3.92515000920256,51.0274615611828],[3.92619944802712,51.0275041017466],[3.92711149946387,51.0277729019921],[3.92760222054664,51.0281159859927],[3.92855448622225,51.0281608792404],[3.92961214153842,51.0283135769575],[3.93049277287424,51.0286076780753],[3.93190255016905,51.0288668613943],[3.93354058802019,51.0289854384937],[3.93415822910144,51.0290038568275],[3.93495081973374,51.0298817565356],[3.93518543154011,51.0305317450012],[3.93576789583684,51.0318085565527],[3.93639344294968,51.032308895278],[3.93753009823884,51.0329687385764],[3.93797336009123,51.033618370217],[3.93854600619821,51.0346560881698],[3.93755159606386,51.034928017652],[3.93638672815596,51.0350845481921],[3.93623589071691,51.0358250752939],[3.93620107027668,51.0366197593835],[3.93598868353115,51.0375567870273],[3.93599878887627,51.0385474886534],[3.93603469337185,51.0392887709342],[3.93588863619837,51.0404537737442],[3.93567648389861,51.0417996157963],[3.93549988058342,51.0432310339791],[3.93556886144535,51.0445887179773],[3.93520354277892,51.0461213862516],[3.93501370121527,51.0474865385678],[3.93456338839796,51.0492334038641],[3.93380628114618,51.0507785297043],[3.93291576172652,51.0526855037297],[3.93226613024073,51.0543072870807],[3.93175120444926,51.0561711762121],[3.93121094490631,51.058031535884],[3.93095363516288,51.0597863230401],[3.93079044208369,51.0610619977702],[3.93077786696527,51.0626802303465],[3.93051080821301,51.0647880596702],[3.93031355974881,51.0661128657014],[3.93018118630437,51.0681324952738],[3.93001229002901,51.0692188699557],[3.92977701947586,51.0701983052326],[3.92926753189096,51.0708421576792],[3.92792057824187,51.0719926528661],[3.92655815618752,51.0733641603737],[3.92525019475876,51.0748499616783],[3.92348996799626,51.0761834743856],[3.92189151523747,51.0771954004433],[3.92053428929076,51.0780234409379],[3.91983745706185,51.0786136488354],[3.91875982095328,51.0799703407929],[3.91774314094473,51.0806302130783],[3.91572918657513,51.0811148223603],[3.9129001677338,51.081646176911],[3.90950465064687,51.0822397293698],[3.90780383357473,51.082440841723],[3.90649453875845,51.0821426643893],[3.90574243802888,51.0818516017077],[3.9035446966326,51.0816003957276],[3.90153039339698,51.0812723923256],[3.89877113035533,51.0808381645957],[3.8954341210452,51.0804980247617],[3.89340929099316,51.0802024382921],[3.89151143424273,51.0800147417179],[3.88704342468882,51.079512407924],[3.8827346342556,51.07899713908],[3.88050924897681,51.0786601333766]]]}},{"type":"Feature","properties":{"imageId":"https://iiif.ghentcdh.ugent.be/iiif/images/primitief_kadaster:550_0001_000_06504_000:550_0001_000_06504_000_0_0001","manifestUrl":"https://iiif.ghentcdh.ugent.be/iiif/manifests/primitief_kadaster:550_0001_000_06504_000"},"geometry":{"type":"Polygon","coordinates":[[[3.76509828122829,51.030610034533],[3.77096204922142,50.9692725986036],[3.83360290702787,50.9714649101805],[3.82773913903475,51.03280234611],[3.76509828122829,51.030610034533]]]}},{"type":"Feature","properties":{"imageId":"https://iiif.ghentcdh.ugent.be/iiif/images/primitief_kadaster:550_0001_000_06751_000:550_0001_000_06751_000_0_0001","manifestUrl":"https://iiif.ghentcdh.ugent.be/iiif/manifests/primitief_kadaster:550_0001_000_06751_000"},"geometry":{"type":"Polygon","coordinates":[[[4.25188032329085,51.1135550736561],[4.24760910070363,51.1173261567448],[4.24922563653636,51.1177021584582],[4.24887834292162,51.121529458927],[4.24879573769073,51.1250226216412],[4.24900214345693,51.125343675466],[4.24942420169502,51.1254708903964],[4.25015743885851,51.1255417865976],[4.24910353090367,51.1271744717111],[4.24921871142304,51.1282566398671],[4.24914593180247,51.1294465074977],[4.24942883475615,51.1310635171114],[4.24941081721106,51.1332491373251],[4.24928608114527,51.1365394195835],[4.24849015668354,51.1388033552702],[4.24838729449165,51.1408357367591],[4.24954022829,51.140871624764],[4.25182102780071,51.1416724085466],[4.25352922071454,51.1423512056546],[4.25466854969929,51.1412230054314],[4.25583992989979,51.14166775338],[4.25618160001698,51.1415404177436],[4.25663718048458,51.1409796064273],[4.25703923342785,51.1396648210268],[4.2585433507152,51.1383666228188],[4.26006340954236,51.1385760285833],[4.26221300939799,51.1407998596665],[4.26234868372183,51.1411696002287],[4.26242099492237,51.1413775652946],[4.26281629654749,51.1415128124727],[4.26364855441724,51.1416408848406],[4.2638590514397,51.1418667246403],[4.26410949813376,51.143490316514],[4.26483305316269,51.1436654918674],[4.26753233615772,51.1443439357683],[4.27040883469981,51.1421497823581],[4.27456465132602,51.13866757336],[4.27477995058762,51.1384172873753],[4.27476361096168,51.1375481804947],[4.2745807095013,51.1367382096049],[4.27459949153372,51.1360147130956],[4.27497738501422,51.1355473544031],[4.2757987517024,51.1355536431262],[4.27611610480238,51.1355289839321],[4.27634355811479,51.1351870442377],[4.27680461464104,51.1333578571114],[4.27710756812679,51.1332716376774],[4.27773653628992,51.1333199187278],[4.27833702770189,51.1330400834379],[4.27964777948406,51.132735774894],[4.27974493733313,51.131257440228],[4.27988567802508,51.1306898570634],[4.2803681060923,51.1293575537416],[4.28257800550758,51.129176738607],[4.28421298866658,51.1294196364595],[4.28468499388076,51.1281978845078],[4.28557811611425,51.1251219596387],[4.28972997908407,51.1216000727432],[4.28764193696054,51.1218749515742],[4.2808286560872,51.1214669913675],[4.28090826486878,51.1212529137991],[4.28067536697578,51.1209784644494],[4.28012843882624,51.1209099292985],[4.27986133189483,51.1209498400959],[4.27994498117006,51.1212056201049],[4.28003696176617,51.1215551883356],[4.27726293578328,51.1213618789567],[4.27618616083642,51.1211457063976],[4.27354236661508,51.1206757476255],[4.27269269455022,51.120320483641],[4.27064663199385,51.1196614157683],[4.26761351965462,51.1178230091293],[4.26708307531851,51.1174183012408],[4.2663111042294,51.1167166287649],[4.2653395378766,51.1161076196548],[4.26433304936756,51.1153512949915],[4.26296287517213,51.1150914718592],[4.26231413962063,51.1151986473365],[4.26179762073674,51.115121745664],[4.26146976395439,51.1148042977573],[4.25927022288107,51.1144853398028],[4.2578747078244,51.1143432319366],[4.25727287275695,51.114253455603],[4.25626015461259,51.1143487124524],[4.25598632593925,51.114420012778],[4.2533871325918,51.1142311799978],[4.25282305073799,51.1143118951309],[4.25188032329085,51.1135550736561]]]}},{"type":"Feature","properties":{"imageId":"https://iiif.ghentcdh.ugent.be/iiif/images/primitief_kadaster:550_0001_000_06753_000:550_0001_000_06753_000_0_0001","manifestUrl":"https://iiif.ghentcdh.ugent.be/iiif/manifests/primitief_kadaster:550_0001_000_06753_000"},"geometry":{"type":"Polygon","coordinates":[[[4.15374352854904,51.1354096542663],[4.15762493434069,51.1367372970499],[4.16056248798693,51.1378711600776],[4.1612820319306,51.1385854531415],[4.16186102295105,51.139275782134],[4.16318665238223,51.1401858157441],[4.1645603214035,51.1410071522995],[4.16679438356969,51.1424876232679],[4.1676778627482,51.142960070808],[4.1709298786384,51.1442852730017],[4.17361466761614,51.1454255078935],[4.17505562075962,51.1459543223289],[4.17591704591718,51.144469556231],[4.17699381621909,51.1425386369586],[4.17774034925116,51.1412984341468],[4.17840125828457,51.139792813465],[4.17874894258875,51.1389146216579],[4.17966936670187,51.1369485191953],[4.18045401917792,51.1352980241664],[4.181202183814,51.1338597447274],[4.18156941222955,51.1330588458138],[4.18187960174797,51.1325858052751],[4.18212963808664,51.1322284427786],[4.18273615204863,51.1313979592442],[4.18350894634745,51.1300721075807],[4.18356934836704,51.1296473770141],[4.18391342692036,51.1289943621717],[4.18483869247697,51.1279978300287],[4.18565299866427,51.1269245037617],[4.18640023669736,51.1258647946272],[4.18731151950775,51.1247309705056],[4.18799217928991,51.1237973743675],[4.1884159729144,51.1232933363772],[4.18925861770972,51.1222612823865],[4.18992340835106,51.1214192049113],[4.19103025945576,51.1199899403806],[4.19133712282008,51.1196110694276],[4.19238277413889,51.1186238136687],[4.19275777416865,51.1181940212244],[4.19293747187173,51.1177209734943],[4.19304393349213,51.1165324367251],[4.19331959285943,51.1146006694741],[4.19371193314015,51.1123010564256],[4.19386806103628,51.1107659036372],[4.19398173007621,51.1106597890246],[4.19425862012971,51.1106510220484],[4.19451320207587,51.1106224072293],[4.19468128913148,51.1104683962815],[4.19550022836076,51.1107348521418],[4.19638531143969,51.1110224127616],[4.19630119792888,51.1105974211133],[4.19662344967467,51.1102118756518],[4.19722731591222,51.1087907368541],[4.19482188379367,51.1074546714771],[4.1931426861212,51.106420547533],[4.19171093750959,51.1056409966252],[4.189792888139,51.1050572346814],[4.18785974854416,51.1042800371798],[4.18578312839975,51.1034742418091],[4.1832700255995,51.1027638793895],[4.18155428349312,51.1022466015912],[4.18027871257413,51.1020418686264],[4.17956077975196,51.1017585002041],[4.17838260858589,51.1006858629274],[4.17369284087659,51.1007358863693],[4.17420483513457,51.1017674890712],[4.17378512968449,51.1020493265903],[4.17325185684132,51.1025406551678],[4.17283952960391,51.1029642813452],[4.17257889292925,51.1036351562229],[4.17264595546107,51.1046840191089],[4.17306891012238,51.106025973386],[4.17325031574534,51.1076576881053],[4.17336159590123,51.1087829930314],[4.17321097124393,51.1090281572946],[4.17204234454085,51.1091978153365],[4.16952755417836,51.1092623210138],[4.16873453392888,51.109269666766],[4.16713172614791,51.1096771691914],[4.1660097092626,51.1101819189923],[4.16461978471683,51.1107387229853],[4.16401343170703,51.110961676461],[4.16360202098131,51.1111292661768],[4.16319533203984,51.111221641218],[4.1624764756485,51.1110395125408],[4.16208324660632,51.1108161985946],[4.16169713059541,51.1098831061378],[4.16130498420927,51.1089458542152],[4.1611183380825,51.1086802060989],[4.16081991094246,51.1084254601427],[4.1601684069944,51.1081617208624],[4.15932951924038,51.1079614067946],[4.15807105007532,51.1079159853287],[4.15716762338425,51.108098440559],[4.15653093803075,51.1083526396362],[4.15700505760073,51.1092669939073],[4.15719360292904,51.1093982866485],[4.15720337510819,51.1097844293471],[4.15776689661688,51.1102210713791],[4.1580136948749,51.1104921525316],[4.15816304439869,51.1109392072752],[4.15845038584958,51.1113596664007],[4.15889840017689,51.111563504768],[4.1595377826237,51.1128334973528],[4.15954545043229,51.1135227499507],[4.1592265594719,51.1147932402626],[4.15871445616025,51.1163452408201],[4.15847419660719,51.1173465280258],[4.15767846639449,51.1190739359197],[4.15742354434087,51.1194876628315],[4.15736629508285,51.1201189751762],[4.15755397819536,51.1210206279165],[4.15766498027651,51.1216270159903],[4.15754447380306,51.1221587857732],[4.15766490372343,51.1226082672583],[4.15791081776673,51.1228437975327],[4.15723535351058,51.1245857031131],[4.15679322680071,51.1251093428096],[4.15729419907576,51.1254923378566],[4.15715135918376,51.127292002609],[4.15706138061371,51.1274332804438],[4.15705196595924,51.1283933584533],[4.15690444051794,51.1288909861185],[4.15672633778212,51.1295093845743],[4.15699811526214,51.1298731543672],[4.15664370970865,51.1324438454904],[4.15658893214017,51.1329176322818],[4.15418391161028,51.1349210820759],[4.1537738815819,51.1351809071035],[4.15374352854904,51.1354096542663]]]}},{"type":"Feature","properties":{"imageId":"https://iiif.ghentcdh.ugent.be/iiif/images/primitief_kadaster:550_0001_000_06756_000:550_0001_000_06756_000_0_0001","manifestUrl":"https://iiif.ghentcdh.ugent.be/iiif/manifests/primitief_kadaster:550_0001_000_06756_000"},"geometry":{"type":"Polygon","coordinates":[[[4.12965727677408,51.1077319383896],[4.12974801406045,51.1097817890063],[4.13049013657885,51.1115120252274],[4.13121776328053,51.1116897130623],[4.13121525059357,51.1135948519458],[4.13175060540366,51.1142996514173],[4.13225986174713,51.1149309774103],[4.13271153938874,51.1152017918408],[4.13325945788638,51.1160913781431],[4.13431406162289,51.117043277765],[4.13469809985911,51.1174019527158],[4.13458261521312,51.1179603858307],[4.13501432271201,51.118297828874],[4.13466460874637,51.1193243631195],[4.13300241985213,51.1204154779774],[4.131877954503,51.1213607062893],[4.13145411697646,51.1222033010934],[4.13130957291891,51.1233804850063],[4.13073423413409,51.124161842038],[4.12930951982811,51.1258325717301],[4.12795364753192,51.1279213001521],[4.13152576084634,51.1295948865383],[4.13233745904476,51.1299981485865],[4.13574059534349,51.1304987549988],[4.13893940438251,51.1310455048466],[4.13898272720698,51.1315281741108],[4.13943740989762,51.1316945669484],[4.1397566393724,51.1317076465784],[4.14021793522993,51.1316229434389],[4.14300766402649,51.1322310220384],[4.14331399117584,51.132571887225],[4.14365177173492,51.1325794009652],[4.14572058963569,51.1331310081277],[4.14771862479317,51.1334651914001],[4.14799070733158,51.1339604326318],[4.14908326314441,51.1343250411889],[4.14939335308125,51.1340140150572],[4.15017403279865,51.1343758103347],[4.1507631805361,51.1348127402766],[4.1515267850595,51.1349873457299],[4.15240460158804,51.1355572569563],[4.15289863348897,51.1355518277403],[4.15368304524429,51.1357658672318],[4.15403806408507,51.1357925897932],[4.15674303430041,51.1328836556555],[4.15706789669177,51.1310781580524],[4.16053267816342,51.1312492807469],[4.15979928008941,51.1306444032152],[4.15957525652728,51.1303115539582],[4.15704289402813,51.1305465961681],[4.15750517384511,51.1275226102616],[4.1577973161262,51.1254414986795],[4.15720395317615,51.1251181997102],[4.1577776974711,51.1243515717954],[4.15823259544631,51.1231850667697],[4.15843770383735,51.122600835209],[4.15807084996971,51.1199809279406],[4.15789361193045,51.1196654688013],[4.15840938719711,51.1190074544817],[4.15919242971999,51.1165507948861],[4.15955446329616,51.1148302642665],[4.15951142953959,51.114422919764],[4.15993845555915,51.1134816588866],[4.15967457266434,51.1129357189696],[4.15940729470554,51.1120155277491],[4.15886475419685,51.1113292235887],[4.15826755140127,51.1106626796256],[4.15778581937987,51.1093524104252],[4.15899722745257,51.1095265301379],[4.15919386838261,51.1082345841028],[4.15796677259854,51.1080313008118],[4.15760851920809,51.1075152993223],[4.15695222777943,51.1075529471229],[4.15665539658932,51.1078270480268],[4.154667595267,51.1076648453802],[4.15087515989377,51.1081262379193],[4.1496649927651,51.1078362681778],[4.14919361579511,51.1073841376261],[4.14869828075723,51.107758141786],[4.14291282105745,51.1052466843994],[4.14104751404321,51.1044080006212],[4.13975720958317,51.105048050758],[4.13953458127748,51.1058634114194],[4.14008588869487,51.1069983784966],[4.14103976565226,51.1074240603036],[4.14034279255942,51.1078043217929],[4.13909636361456,51.1069894232715],[4.13855285265256,51.1073305605958],[4.13785495952055,51.107090127284],[4.13612537522264,51.1064714182018],[4.13540254576763,51.1078628705782],[4.13251157883685,51.1073185823598],[4.12965727677408,51.1077319383896]]]}},{"type":"Feature","properties":{"imageId":"https://iiif.ghentcdh.ugent.be/iiif/images/primitief_kadaster:550_0001_000_06773_000:550_0001_000_06773_000_0_0001","manifestUrl":"https://iiif.ghentcdh.ugent.be/iiif/manifests/primitief_kadaster:550_0001_000_06773_000"},"geometry":{"type":"Polygon","coordinates":[[[3.82310677476881,51.0176975273056],[3.82268663959471,51.0170560715577],[3.82326771842873,51.01694329771],[3.82302950326107,51.016035926505],[3.82315287666079,51.0152438789303],[3.82289892191425,51.0151135811999],[3.82050409128724,51.012631166809],[3.82041794907389,51.0124852928839],[3.82301215801255,51.0116767765827],[3.82254736942357,51.0104907791491],[3.8219068755514,51.009292938664],[3.82170319518878,51.008813297993],[3.82195694551789,51.0087293134263],[3.82267746216944,51.0088865203538],[3.8227962781244,51.0087401328931],[3.82287300496222,51.0076964725121],[3.82318077079576,51.0066677946145],[3.82313777654489,51.0063500062301],[3.82260749890235,51.0054102630187],[3.82271275357919,51.0051857301456],[3.82287731632181,51.0048682770522],[3.82282685602894,51.0040456830001],[3.82311255887872,51.0035654691658],[3.82342531760706,51.0031396509986],[3.82384108726289,51.0032186249684],[3.8245401546466,51.0033994346529],[3.82563157497313,51.0034572734666],[3.82693237706332,51.0034534530872],[3.82914183201645,51.0033895465437],[3.82959607704346,51.0034061465991],[3.82978430144825,51.0039417227445],[3.83018936329169,51.0039891211701],[3.83083816462221,51.0038663924703],[3.8315977200931,51.0038833192677],[3.83213684822647,51.0040005006192],[3.83338249862779,51.003963497283],[3.83347793814996,51.0035915484314],[3.83341517589947,51.0033123387155],[3.83295951513849,51.0027299649214],[3.83278551556068,51.0023106769356],[3.83280782399613,51.0020002552676],[3.83272115220021,51.0018293389197],[3.83139748420507,51.0014309283735],[3.8306736895698,51.0012197207216],[3.82911465557139,51.0005713224582],[3.8289546959997,51.0002834689265],[3.82879470051718,50.9989386504132],[3.82875814130468,50.9987286784758],[3.82905184881489,50.9987294230614],[3.82915028182345,50.9981854676668],[3.82946880655474,50.9978208060862],[3.82955513454113,50.99741664094],[3.8300320815184,50.9973011309007],[3.83105915806913,50.9969457352646],[3.83187801490222,50.9966208564434],[3.83219632530989,50.9961703624163],[3.83274576598067,50.9960626160434],[3.83268678347047,50.9952844545202],[3.83288252994865,50.9951059009969],[3.83312822485731,50.9945928088854],[3.83323906482637,50.994305079817],[3.83330058842043,50.9941651124556],[3.83346192855923,50.9935038099057],[3.83240157717132,50.993408044387],[3.83137679566162,50.993468002443],[3.829776360075,50.9939002072682],[3.82937388367225,50.9938680983206],[3.82903438090409,50.9935013821924],[3.82854839540584,50.9931809874027],[3.8285017147425,50.9928538632455],[3.8284670382456,50.9925656801627],[3.82848188605693,50.9921763681288],[3.82866667823953,50.9919042539481],[3.8285863014382,50.9912109113708],[3.8285171664915,50.9906733076189],[3.8287275631915,50.9902531674719],[3.82928990139505,50.9900285663349],[3.82940130816477,50.9898029019408],[3.82975806046435,50.9893674330896],[3.83016288279935,50.9890177403355],[3.83034783105495,50.9887376548349],[3.83078820597155,50.9885126679184],[3.83116709657274,50.9883576614352],[3.83199809456379,50.9880244063195],[3.83252279931951,50.9879086619329],[3.8327679144719,50.9877143662123],[3.83363753820169,50.9870849692319],[3.83440884575092,50.9865566313194],[3.83471580211993,50.9862299203981],[3.83499748479055,50.9860200695549],[3.83524165939538,50.9859348547705],[3.83607641756784,50.9850480101326],[3.83560263155187,50.9849222722059],[3.83310448813525,50.9837014162677],[3.83297127256055,50.9836154462375],[3.8332819147421,50.9828446715494],[3.83005502566957,50.9815302383992],[3.8289808754956,50.9832884821046],[3.82879875413762,50.9832336128701],[3.82930621862007,50.9822687312791],[3.82880867392492,50.9820964895807],[3.82901842322728,50.981769790521],[3.8265413535242,50.9811424068396],[3.82613435171235,50.9817489617052],[3.82598861598169,50.9817175467402],[3.82633527104853,50.9810563929429],[3.82436819540949,50.9806324113678],[3.82545986167036,50.9796381103546],[3.82651495794365,50.9786283087004],[3.82660167043032,50.9784494952266],[3.82664154853639,50.9780605348576],[3.82676614529806,50.9777184351066],[3.82691451164223,50.9774386367195],[3.82682114773905,50.9769795289635],[3.82672604815116,50.9767226852162],[3.82682420197518,50.9766217467402],[3.8267670980142,50.9761861176091],[3.82678162788097,50.9759061829434],[3.82690571829459,50.9756109085136],[3.82681078986937,50.9753308149567],[3.82688738246109,50.9748955470649],[3.82693769764982,50.974693499167],[3.82707182851841,50.9746470948864],[3.82760623707314,50.9747180268681],[3.8282642182813,50.9745481881806],[3.82860761317769,50.9741834617983],[3.82893843533858,50.9738653860279],[3.82940295605807,50.9735475918169],[3.82940442062928,50.9733610736691],[3.82924808326999,50.9731431791448],[3.82925015144121,50.9728789659202],[3.82966786228254,50.9723125260002],[3.82979150662483,50.9720408252622],[3.82957432181774,50.9718306262327],[3.82831379477691,50.9713697835386],[3.82786695441945,50.9710037695723],[3.83666904536721,50.968677432249],[3.84230170941011,50.9691503315058],[3.84209363779762,50.9694292277091],[3.84281900319327,50.9699825415715],[3.84329266248147,50.9699683968458],[3.84368090040777,50.9700238942726],[3.84392267009365,50.9702109587224],[3.84428660852546,50.9702664069755],[3.84501470944515,50.9703307542112],[3.8454746841119,50.9705728967732],[3.84584958537141,50.9708303297978],[3.84675952633546,50.9709186820243],[3.8473044064634,50.9711612139688],[3.84815170233888,50.9715834456556],[3.84857608024604,50.9716548000966],[3.84875748278901,50.9717719328429],[3.84904809642999,50.9718894528612],[3.84921793978918,50.9718978137112],[3.84936296885495,50.9720070701753],[3.84967820317738,50.9720547895481],[3.84988339356518,50.9722574914338],[3.85017434069061,50.9723051425399],[3.85027061539194,50.9724530940009],[3.85097596187638,50.9721371165691],[3.85155643063468,50.9724810740611],[3.84958642562623,50.9733207707964],[3.84998554992263,50.9735630933346],[3.84979067776398,50.9736944711182],[3.84952409324765,50.9736235647207],[3.84824347624053,50.9747378279006],[3.84691300220161,50.9759686554473],[3.84668030506498,50.9763020238264],[3.84607057491025,50.976719574892],[3.8461301694425,50.9769063392111],[3.84680751695893,50.977359693252],[3.84676989739525,50.9775539289936],[3.8464297572837,50.9775682206754],[3.84611098936943,50.9780491335247],[3.84586309503761,50.9788337100568],[3.84577286900185,50.9796346941457],[3.84676795449031,50.9797786605742],[3.84733833066371,50.9798432501682],[3.84768801224946,50.9802183921929],[3.8486799110434,50.9807755442061],[3.84891136407923,50.9806597079283],[3.85032624371542,50.9814370750595],[3.85071181161271,50.9818361353223],[3.85074683956379,50.982031101738],[3.85069663035901,50.9822646772345],[3.85096231014332,50.9824450681351],[3.85140379103183,50.9834601630892],[3.85172551754543,50.9842253208141],[3.85188121242933,50.9844831480976],[3.85244798237784,50.9849062600138],[3.8525672475057,50.985156079807],[3.85297741798729,50.9854226010932],[3.85311993235735,50.9857814984833],[3.85331060882255,50.9861716621384],[3.85368374113205,50.986484549636],[3.85399769486942,50.9866258565487],[3.85420144354512,50.9868834845985],[3.85461197183761,50.987056181336],[3.85484151724912,50.9871348088337],[3.85499979430778,50.9870575465593],[3.85637477289195,50.9877077315154],[3.85695632200077,50.9876939301614],[3.85760923154495,50.9877968062466],[3.85809024999228,50.9881088504314],[3.85894357590023,50.9875432746178],[3.8597248701942,50.9880419019721],[3.86125932242841,50.987127386112],[3.86142944335226,50.9870576901937],[3.86243892223278,50.9876726119088],[3.86439490949349,50.9868827138806],[3.86478257356125,50.9868210258707],[3.86503398649292,50.9870542393695],[3.86553882413546,50.9873264548355],[3.86608751909921,50.9879710319755],[3.86599390611188,50.9887000405779],[3.86584282489053,50.9891651327256],[3.866164995546,50.9894831845377],[3.86671432467854,50.9899718067788],[3.86694562319485,50.989855746463],[3.86756045705417,50.9899724374017],[3.86970799390341,50.9902454144528],[3.87083179842401,50.9894019262593],[3.87109776792299,50.9893944612584],[3.87174396620331,50.988961195302],[3.87192328403286,50.989108664305],[3.87245170751638,50.9893495648607],[3.87330325775583,50.9898001841755],[3.8748741977653,50.9897252517187],[3.8768462757543,50.9902946982699],[3.87703376077941,50.9906903121854],[3.87749333372408,50.9906370140675],[3.87818127013787,50.990653967792],[3.87905816118899,50.9909658920434],[3.87934401304676,50.9912377933463],[3.87985156463737,50.9912079474188],[3.88077660291245,50.9915356294742],[3.88210940742042,50.992065913338],[3.88235378093018,50.9918649639616],[3.88432588754296,50.9924667375375],[3.88489368541778,50.9924526290129],[3.88511595668571,50.992088751471],[3.88562396376955,50.9910896813871],[3.88841105808069,50.9901575801796],[3.89016545111166,50.9897192169218],[3.89084083557225,50.98973612169],[3.89223721805734,50.9900103943978],[3.89261035813105,50.9889329804725],[3.89294938245805,50.988801776447],[3.89601253719903,50.9875121367037],[3.89900252297533,50.9861057332166],[3.90033294042408,50.9855573138697],[3.90172301788172,50.9850555031131],[3.90196639848104,50.9847689487584],[3.90181230257657,50.9844584659415],[3.90192279068441,50.9842104642459],[3.90196344552219,50.9836598553493],[3.90180920976192,50.9833648525204],[3.90180189701143,50.9827830976153],[3.90196193255532,50.9823645095692],[3.90220623728655,50.981953819262],[3.90269113089438,50.9815900924279],[3.90318794494037,50.9812418973164],[3.9034444809042,50.9808079413849],[3.9037399406436,50.980032705646],[3.90594219950525,50.9803701389812],[3.90710062286257,50.9801704237452],[3.90753983316236,50.9795195776679],[3.90794179240493,50.9790082775416],[3.90840099355227,50.9788616603246],[3.90914555208611,50.9791809351414],[3.90964083310453,50.9790498737859],[3.91008562462966,50.979190210671],[3.91062739492034,50.9792686336459],[3.91097242452294,50.9798043481893],[3.91102960901977,50.9801689599474],[3.91125694521773,50.980370947624],[3.91121719658621,50.9807974297411],[3.91127527056222,50.9810611850193],[3.91116491959568,50.9812859108929],[3.91129510024389,50.981580770466],[3.91223404522273,50.9817526878018],[3.91208000913721,50.9829464388275],[3.91244076458648,50.9830709513454],[3.912692488745,50.9832650785696],[3.91278741203932,50.9834667470203],[3.91265259302003,50.9837533857492],[3.91287575285486,50.984536534162],[3.91294451943621,50.9850094100558],[3.91308663082429,50.9853505955436],[3.91330162018498,50.9856220999207],[3.91367402235076,50.9858085219291],[3.91418026760326,50.9858400887376],[3.91450487018868,50.9859721883942],[3.91465998978352,50.9861893365873],[3.91490035772426,50.9862980830046],[3.91515385740053,50.9862673587777],[3.91521106762426,50.9866703563213],[3.91513542463648,50.9870964469362],[3.91495242842316,50.9873674519195],[3.91470985134268,50.9875454155747],[3.9146002913341,50.9876770251436],[3.91471943931322,50.9878631021373],[3.91498372573005,50.9879950822109],[3.91511407775151,50.9882896280594],[3.91523297040274,50.9885066770759],[3.91518264845744,50.9887700437881],[3.91533795344471,50.9889561264977],[3.91534809978025,50.9891962989683],[3.9155881261562,50.989343713242],[3.91567037035203,50.9896149277592],[3.91570473767839,50.9898396126286],[3.91623489698857,50.9899020526622],[3.91625605739267,50.9902661461399],[3.91645925053473,50.9904909557271],[3.91635905978123,50.9909401319667],[3.9163569344009,50.9911957379584],[3.9161154613487,50.9912265245466],[3.91610145494765,50.9914588824441],[3.91635414531118,50.9915287934249],[3.91636490111567,50.9916837097867],[3.91650858412909,50.9918077469286],[3.9164942866035,50.9920710710662],[3.91620063737257,50.9925587855644],[3.91597141200389,50.9925663610474],[3.91576476459035,50.9927520900832],[3.91552341114511,50.9927674045606],[3.91558128030375,50.9930462673961],[3.91543525452032,50.9931933180294],[3.91520465752486,50.9933558010099],[3.9150582728341,50.9935415789959],[3.91506902008294,50.9936887389951],[3.9152005138466,50.9938204879764],[3.91509028835459,50.9940062877986],[3.91522107046872,50.9942154757942],[3.9153156584659,50.9944246347821],[3.91530203673641,50.994595000595],[3.91493883048707,50.9947419199375],[3.91437676881858,50.994214936802],[3.91346823494647,50.9946403477808],[3.91327646965014,50.9945085613775],[3.91278936842863,50.995003970736],[3.912291363531,50.9953677211429],[3.91183075608067,50.9955998350356],[3.91260727024893,50.9963747466231],[3.91321194058922,50.996220147891],[3.91420561706098,50.9969872687856],[3.91487691181391,50.997413441292],[3.91610067214695,50.9980798162851],[3.91678955653922,50.9979562500389],[3.91771000546388,50.9987849942272],[3.91711662213086,50.9990014862003],[3.91690771342573,50.9993652314677],[3.91689153956623,50.9997522708299],[3.91734418024404,51.0002942812579],[3.91834902877415,51.0010841561827],[3.91862344800519,51.0013628971423],[3.91850429879574,51.0022993311014],[3.91832694499277,51.0030267615155],[3.91798329626731,51.0035142184056],[3.91763943035742,51.0040094253958],[3.91734227632453,51.0046207438596],[3.91711853487768,51.0051392190475],[3.91686240150326,51.0053481284022],[3.9172180068294,51.0058589861426],[3.91759475200861,51.0065943072148],[3.91770883319946,51.0070974058369],[3.91785327187267,51.0080262375702],[3.91612160357406,51.0083819778828],[3.91618960048585,51.0086993436337],[3.91643739979616,51.0091096319909],[3.91650442454307,51.0094889633821],[3.91650005010744,51.0097908896685],[3.91672626342233,51.0100154466363],[3.91721118899732,51.0107124262835],[3.91757430089581,51.0114637745158],[3.91839262260502,51.0116578076785],[3.91932993857632,51.0119605250172],[3.92010000236872,51.0121393099438],[3.92145178196811,51.0121714859069],[3.9217928397668,51.0127608402489],[3.92190422115353,51.0133578743228],[3.92192107541707,51.0138153765478],[3.92233430643363,51.0143974861368],[3.92301662868138,51.0154998995071],[3.92345979204759,51.0164472328696],[3.92393027727868,51.0164865261662],[3.92407403149527,51.017278509728],[3.9228755213806,51.0174094038632],[3.92176178954598,51.017517223639],[3.9205880938525,51.0175863211522],[3.91935626797717,51.0175157248581],[3.91770350008699,51.0173130845499],[3.91761325198458,51.0176083677888],[3.91704014873123,51.0178492367888],[3.91697352877677,51.0181679408916],[3.91681099299373,51.0184400375038],[3.91645313914854,51.0187977262478],[3.91630323792979,51.0190387933598],[3.91666158207307,51.019287502504],[3.9172827391428,51.0197227490972],[3.91843742315402,51.020111305237],[3.91906177654031,51.0203833482492],[3.91892683233542,51.0204843917289],[3.92012854988708,51.0209585433657],[3.91965578702911,51.021696809966],[3.91818406178204,51.0228083163891],[3.91759827186029,51.0230804781018],[3.91719266382589,51.0227154264495],[3.91660656192795,51.0222882699102],[3.91601770298652,51.0220243309409],[3.9151366136521,51.0218461201454],[3.91441042497423,51.0218078039313],[3.9133900031196,51.021956387684],[3.91254932386578,51.022213705205],[3.91171654945236,51.0227196795256],[3.91116819860485,51.0228989638304],[3.91041489410738,51.0230163184273],[3.90909159211461,51.0231653626985],[3.90819550793196,51.0231275294131],[3.90697338248402,51.0230279013083],[3.90587255498378,51.0229358111853],[3.90471367227818,51.0227039067031],[3.90385752531602,51.0224948820864],[3.90310837847626,51.0224408066812],[3.90267420462089,51.0223709953311],[3.90237279977281,51.0223243918353],[3.90217037239031,51.0221303365875],[3.90189260323701,51.0221302138817],[3.9014679266615,51.0222696317494],[3.90054005837258,51.022183468275],[3.8992261742191,51.022143054087],[3.89880449417511,51.0221269154392],[3.89809514408871,51.0220093944558],[3.89770084895532,51.0217837068968],[3.89735246645834,51.0217132469676],[3.89603812106069,51.0217959728079],[3.89484425896224,51.0219096292926],[3.89405635747753,51.0223032397466],[3.89392910120168,51.0228379786475],[3.89381433574773,51.0233648885008],[3.89336373452874,51.0238287913266],[3.89268452447451,51.0243307021159],[3.89206652786242,51.0247706568119],[3.89157303763589,51.0248157135317],[3.89052689312181,51.0248280606144],[3.88957621630641,51.0249335661301],[3.88856443597105,51.025170501132],[3.88780463286978,51.0254779143646],[3.8862256796851,51.0260923497597],[3.88470664920514,51.0268307032098],[3.88404389721982,51.0271459190711],[3.88049273701812,51.0270090562296],[3.88019685606268,51.0264656935453],[3.87953621138324,51.0249443636728],[3.87949353494789,51.0242154797414],[3.87955889875541,51.023479058158],[3.87939674020227,51.0226562523031],[3.87931796062364,51.0219111184279],[3.87903531908148,51.0210951432203],[3.87892513324367,51.0213974172922],[3.87898386669171,51.0215916671787],[3.8788624860114,51.0217774520838],[3.8787893187148,51.0219401330902],[3.87876424438769,51.0220952301982],[3.87852309821162,51.0222417397536],[3.87834408553961,51.022078113492],[3.87789999899252,51.0220531532364],[3.87723991592753,51.022019631856],[3.87679494150437,51.0221576549064],[3.87611734438662,51.0230784222956],[3.87523109539525,51.0228269672368],[3.87449727493871,51.0231966836294],[3.873512465982,51.0234491459776],[3.87240885166847,51.0235461180914],[3.8707320025857,51.0232923044405],[3.86973887124988,51.0229711351615],[3.86881755507437,51.0226657928085],[3.86830353524696,51.0223927950653],[3.86789850616524,51.0218486833115],[3.86761243058503,51.0214599892768],[3.86711043811143,51.0210784143924],[3.86681125891563,51.0209456928383],[3.86605658834826,51.0208350562497],[3.86572049111758,51.0210048466715],[3.86513401917935,51.0207395571495],[3.86447543121438,51.0204896315334],[3.86355219235547,51.020526089211],[3.86234100980885,51.0204299178181],[3.86093659811055,51.0203097885494],[3.85964908634652,51.0204219135465],[3.85704582800606,51.0205983377724],[3.85628673537424,51.0204019247029],[3.85598547922031,51.0203156359757],[3.85483925750418,51.0204350119524],[3.85382554970274,51.0205624724954],[3.85294473166834,51.0206207494344],[3.85194360578975,51.0205934319431],[3.85132873682076,51.0205058759455],[3.85064102529935,51.0206111628348],[3.85054605617307,51.0201009013045],[3.8466429621654,51.0199921529445],[3.84624005063407,51.0183784432808],[3.83813398175348,51.0179095790066],[3.83506430881144,51.0176825879799],[3.83283113533745,51.0176199398545],[3.83113761162243,51.0174446306006],[3.82836983311437,51.0174105161132],[3.82793693188964,51.0190214245683],[3.82774267806981,51.0192271292838],[3.82582574026166,51.0192793585197],[3.82487126557661,51.0194743955209],[3.82468906554528,51.0196422145878],[3.8244357107183,51.0196260255073],[3.8244377094091,51.0193350828563],[3.82357832059533,51.0176758860298],[3.82326397373852,51.0176903046203],[3.82310677476881,51.0176975273056]]]}},{"type":"Feature","properties":{"imageId":"https://iiif.ghentcdh.ugent.be/iiif/images/primitief_kadaster:550_0001_000_06787_000:550_0001_000_06787_000_0_0001","manifestUrl":"https://iiif.ghentcdh.ugent.be/iiif/manifests/primitief_kadaster:550_0001_000_06787_000"},"geometry":{"type":"Polygon","coordinates":[[[3.96184620352556,51.0213283690561],[3.96106214102428,51.0204146529364],[3.96050592083884,51.0191073977244],[3.96043048781162,51.0175212457233],[3.96049957005284,51.0159885020745],[3.9601714430785,51.014410923401],[3.95949552789401,51.0134198236476],[3.95790466818883,51.0122470575269],[3.9564466819841,51.0113202657218],[3.95835793795375,51.0102740288978],[3.95955959223024,51.0094227673866],[3.95820973766134,51.0084108909709],[3.95673951381241,51.0073840280064],[3.95608736827344,51.0062465266106],[3.95642241704888,51.0053135452699],[3.95926148242154,51.0048570850492],[3.96005114302307,51.0085200499269],[3.96115831459371,51.0085470321079],[3.96242718507799,51.0052466106952],[3.96308924748011,51.0053444386671],[3.9638092051031,51.0043254172841],[3.96368706387537,51.0034402203442],[3.96327761701561,51.0032953141601],[3.96536671410043,51.0009392881532],[3.96650553365582,50.9987790682693],[3.96808268170721,50.9991278714008],[3.9684655677118,50.9980484053367],[3.96881415565056,50.9978546762391],[3.96915935650345,50.9959975361283],[3.96913011420531,50.9934562968279],[3.96839611562851,50.9934896347065],[3.96727578123744,50.9929082237283],[3.96697332130394,50.9921160616189],[3.96588988801692,50.9919272758418],[3.96498597370705,50.9912527054115],[3.96372283327143,50.9914572925645],[3.96382988292151,50.9908408405469],[3.96429904399269,50.990762210698],[3.96461129534172,50.9904530915682],[3.96440581138561,50.9900071410959],[3.96438069317813,50.9894912587237],[3.96450013728193,50.9890518876346],[3.96412729358811,50.9891532880902],[3.96394639468709,50.988961386775],[3.96399410646861,50.9887532942363],[3.96374097345479,50.9885462402103],[3.96384850921441,50.9881685184769],[3.96359534483869,50.9879460624971],[3.96373917014519,50.9876606278652],[3.96422044341296,50.9876204613604],[3.96401511626638,50.9872515206572],[3.9641707715123,50.9868659317849],[3.96451995532728,50.98696483981],[3.96522994904426,50.9869623889201],[3.96553040181576,50.9867688259846],[3.9658783625164,50.9862670578105],[3.96665953972231,50.9857637941781],[3.96673072321124,50.9852629814357],[3.96714887950076,50.9837752389737],[3.96753110690532,50.9823723318792],[3.9688302075878,50.9820983113125],[3.96910855289481,50.9828674535721],[3.97159837172868,50.9822812814186],[3.97415995424674,50.9814792326684],[3.97496593604108,50.9813378318699],[3.97810645776624,50.9811806712361],[3.98154746362481,50.9808453496206],[3.98331545880227,50.9803617825974],[3.98414575907548,50.9803435143485],[3.98562547640182,50.9801227775125],[3.98745508318604,50.9803474926628],[3.9891174086373,50.9811580636256],[3.99012917232584,50.9816089318608],[3.99093579703925,50.9817832711158],[3.99116401569797,50.9815745554695],[3.99110273339124,50.9810279938112],[3.9920175524643,50.9811480523633],[3.99299225823927,50.9811292856283],[3.99437725764546,50.9816712778308],[3.99818233504428,50.9828364004982],[3.99913303595944,50.9828485207519],[4.00091551115739,50.9835662645866],[4.00109664527271,50.9838736805555],[4.00464785265293,50.984469803282],[4.00624922509747,50.9848955331016],[4.00706849515986,50.9853701689157],[4.00789951675691,50.9857061456049],[4.01005464747725,50.9862300772611],[4.01277542913663,50.986782860421],[4.01543577526074,50.987204934676],[4.01806055316181,50.9878889667676],[4.01818184761808,50.9883583109542],[4.02019092633659,50.9880741385206],[4.02087544118417,50.9873786827894],[4.02198225209288,50.9872285425014],[4.02318577240279,50.9872936972429],[4.02404092430728,50.9876603947587],[4.02461923627625,50.9879972437985],[4.02565389147694,50.9878704556842],[4.02658003869893,50.9876439287347],[4.02720579587322,50.9876417686283],[4.02780670141623,50.9872546427572],[4.02866135153022,50.9873749090118],[4.02964871833513,50.9876641398129],[4.02995034717811,50.9880481501459],[4.03068437711682,50.9880302142211],[4.03126163846193,50.9878510978077],[4.03151524190434,50.9882891811411],[4.03218877358396,50.9881097324037],[4.03249004176503,50.9883166202677],[4.03218974580305,50.9885871929723],[4.03334654223148,50.989345601798],[4.03477995906209,50.9900260454229],[4.03553841724634,50.9901851488861],[4.03617691385533,50.9905294912003],[4.03641846782497,50.9909599150973],[4.03694795466476,50.990958087315],[4.03697264948651,50.9912660433105],[4.03768402312736,50.9919412783889],[4.0366261157526,50.9924686003837],[4.03645899122918,50.9931314659653],[4.03593046092753,50.9936030533394],[4.03567836285663,50.9939042637897],[4.03537880389945,50.9945367824092],[4.03507891564225,50.9950075805137],[4.03477846287075,50.9952011434492],[4.034574531329,50.9955175896912],[4.0336974444505,50.9961983081167],[4.03508454510441,50.9977722312255],[4.03480809719272,50.9979349071724],[4.03536309426381,50.9986414861851],[4.03483388968119,50.9987819315518],[4.03594267638999,50.9996021143549],[4.03661765071729,51.0001311554935],[4.03689554127667,51.0006769694226],[4.03730577218408,51.0012069244524],[4.038257555085,51.0017504121131],[4.03908900006779,51.002294315179],[4.03848823565336,51.0027507498422],[4.03818817490568,51.0031368372006],[4.03763664332521,51.0041321740857],[4.03701082342711,51.0041035302845],[4.03632441118421,51.0038671678091],[4.03577068427031,51.0037843679264],[4.03496459270931,51.0038718618865],[4.03383423168842,51.0042762174937],[4.0321026044626,51.0048905765029],[4.03295857177665,51.0056577248182],[4.03291187925708,51.0063663808562],[4.03221382524619,51.0063225843442],[4.02899518255005,51.0094834167578],[4.02604140872141,51.0127049430955],[4.02548746227418,51.012514329536],[4.02417493219506,51.012103004698],[4.02299450724969,51.0115603063069],[4.02158481302174,51.0107103581089],[4.02068034987852,51.0097662534866],[4.01957107706017,51.0087073403993],[4.01846192968945,51.0077100351272],[4.01659509250118,51.0069309742607],[4.01421102179827,51.0062615133128],[4.01013006100208,51.0055363017612],[4.00713316073102,51.0053079150633],[4.0039439393243,51.0051880066903],[4.00071822451831,51.0048756985159],[3.99911710296902,51.0045731843269],[3.99842078954392,51.0053841962522],[3.99786704694908,51.0052936953926],[3.99755413700003,51.005279373492],[3.99752975579734,51.0051254370347],[3.99732518133651,51.0051261432233],[3.99731335139709,51.0052262974637],[3.99708472503359,51.0052347877103],[3.99707237762271,51.0050808097125],[3.99681968367559,51.0050893830401],[3.9967838331954,51.0052127232922],[3.99649484970139,51.0051290095184],[3.99624210871141,51.0051144799152],[3.99625444044133,51.005260756936],[3.9959658332902,51.0053618666081],[3.99564090523029,51.0053552872249],[3.99528004828542,51.0054335432092],[3.99488318405083,51.0055581296766],[3.99473827675858,51.0053121969015],[3.99436477446473,51.0050901563267],[3.99393118161657,51.0049068283391],[3.99334111811294,51.0047086384242],[3.99252231847914,51.0044650319175],[3.99142738455271,51.0045381208959],[3.99023643118702,51.004734757829],[3.98911808827699,51.0051313709187],[3.98854109350808,51.0054414039396],[3.9882769459644,51.0057349549535],[3.98772345426481,51.0057676697245],[3.98736242482945,51.0057612149628],[3.98721811341341,51.0058079193104],[3.98660417049759,51.0057022241995],[3.98646029814824,51.0059645559006],[3.98614762341348,51.0060657486537],[3.98573817655372,51.0059208424696],[3.98475207990602,51.0062553907985],[3.98363373699599,51.0066520038883],[3.98247886932479,51.0068408152229],[3.98209284712958,51.0063800859044],[3.98162393695364,51.0065819313839],[3.98126342498974,51.0068296088603],[3.9812039146307,51.0071532575932],[3.9805182707545,51.0072942429866],[3.98013402050699,51.0077037240593],[3.97990584889113,51.0079355426363],[3.97961733582572,51.0080828581698],[3.97869147086089,51.0084480027038],[3.97798364111543,51.0095131884078],[3.97756350902583,51.0100306077788],[3.97730003576313,51.0106553007999],[3.97720451811438,51.0110252800158],[3.97727723833671,51.0112791630109],[3.97701287125969,51.011464900348],[3.97702575182297,51.0118807115608],[3.97694228364698,51.0122583502131],[3.97700301712035,51.0125353776794],[3.97719566755604,51.0125886198697],[3.97725632262465,51.0128271424515],[3.97718540571192,51.0134588718014],[3.97761902992198,51.0136576017429],[3.97764355225325,51.0138808469924],[3.97783645358418,51.0140573048133],[3.97818555899439,51.0141177079539],[3.97836648925732,51.0143250112229],[3.97827068935141,51.0145563728544],[3.97865677427043,51.0150479060806],[3.97924774726934,51.0156927526564],[3.9797055488297,51.0159453063553],[3.97995890137685,51.0162601740581],[3.98004411013864,51.0167373438431],[3.98073038125296,51.0169043975263],[3.98100761321231,51.0171267704251],[3.97998590129871,51.0177001736598],[3.9804436244543,51.0179142224741],[3.98141883201977,51.0181418870004],[3.98185308346795,51.0186486560184],[3.98152882968902,51.0189732186425],[3.98121590405901,51.0189511957649],[3.9808797419359,51.0193374077448],[3.98060379581471,51.0197465149529],[3.98021937307671,51.0200712852795],[3.98003999522813,51.0206263787249],[3.98064215524739,51.0208553310069],[3.98116047074778,51.0212770984953],[3.98112538863429,51.0217777866162],[3.98080102508869,51.0220484424019],[3.9809225077164,51.0226101983114],[3.980924311026,51.0234958106565],[3.98090054138048,51.0236422122989],[3.97972135523041,51.0237078910839],[3.9796739727489,51.0240777041378],[3.97782006316677,51.0237375574148],[3.97627909489559,51.0234271345463],[3.97422100287646,51.0232802184349],[3.97330613676054,51.0231370569521],[3.97235451066915,51.0226705790605],[3.97117394459521,51.0220585718771],[3.97063160855405,51.0216599904005],[3.97064285829821,51.0212749000143],[3.97060633353703,51.0210670982592],[3.97030511239883,51.0208833133259],[3.97011225811075,51.0207299584358],[3.96984665223844,51.0203073185967],[3.96941373367127,51.0204551326164],[3.96836748374545,51.0207975896247],[3.96733342442098,51.0212170148617],[3.96599842621545,51.0215912727498],[3.96459095868284,51.0218348632735],[3.96358018289434,51.0218691565838],[3.96247269770464,51.0216881548646],[3.96184620352556,51.0213283690561]]]}},{"type":"Feature","properties":{"imageId":"https://iiif.ghentcdh.ugent.be/iiif/images/primitief_kadaster:550_0001_000_06797_000:550_0001_000_06797_000_0_0001","manifestUrl":"https://iiif.ghentcdh.ugent.be/iiif/manifests/primitief_kadaster:550_0001_000_06797_000"},"geometry":{"type":"Polygon","coordinates":[[[3.95707813305346,51.011744261556],[3.95694871102494,51.0109569907496],[3.95651366821006,51.0098434775748],[3.95478467404689,51.0084680441831],[3.95318697217333,51.007909183808],[3.95111184864449,51.0074739724487],[3.94977313440385,51.0064613798672],[3.94942539678838,51.0076372498023],[3.94769721324923,51.0074272891205],[3.94739818392397,51.0080367869506],[3.94628777851651,51.0081233925465],[3.94480431010113,51.0081599345726],[3.94365252494827,51.0084536586686],[3.94148215074461,51.0091433723721],[3.93930892650551,51.0106248593766],[3.93808537587785,51.0113923752165],[3.93627892776813,51.012862159809],[3.93578068797073,51.0128727065752],[3.93404261842869,51.0123155571588],[3.93185648331655,51.0133267698363],[3.93223728905487,51.0140597938932],[3.93361797833331,51.0149859783585],[3.93378366890039,51.0158841095039],[3.93381210347376,51.0168940534405],[3.9345046240375,51.0178039476726],[3.93508409304674,51.0183009330766],[3.93535467807064,51.0190431062954],[3.93641062067427,51.0200560924298],[3.93734066574121,51.021063348405],[3.93879645634428,51.0219158595573],[3.93963881174404,51.0224567823472],[3.93997962800339,51.0227624417428],[3.94114135456978,51.0230324155859],[3.94169816107447,51.0237065608843],[3.94221682658252,51.0244428486304],[3.94284671894678,51.0250003058366],[3.94289098076377,51.0254215899885],[3.94211105572381,51.026414645785],[3.94322595367755,51.027161108511],[3.94301655208077,51.0273466925298],[3.94269893609961,51.0273915109222],[3.94174164320855,51.0280090465101],[3.94293973297897,51.0288405959403],[3.94373719537815,51.0294368435335],[3.94404924998361,51.029843350872],[3.9439088487155,51.0304333484969],[3.94226996979871,51.0339115912414],[3.94153384687952,51.0334335114966],[3.93882050004289,51.0345840536875],[3.93830102257915,51.0343411413509],[3.93725313346195,51.0332661730621],[3.93657609529722,51.0329457135595],[3.93605661628289,51.0326027560118],[3.93551322450561,51.03215135803],[3.93459881723116,51.0302414269154],[3.93489040612763,51.0301410196157],[3.9342617413625,51.0293101280996],[3.93289014407713,51.0294798688647],[3.93194456896487,51.0293556407998],[3.93144772892419,51.0293091665214],[3.93108429127842,51.0292085526414],[3.93045456798691,51.0292396919572],[3.93006708641517,51.0290773407227],[3.92935312356764,51.0290235865422],[3.92885682075666,51.0287610470558],[3.92773269071869,51.0286770136663],[3.92723673072672,51.0283917518141],[3.92699471384872,51.0282221698858],[3.92656009635164,51.0281763572093],[3.92616174182218,51.0280996454423],[3.92577500256255,51.0278841192973],[3.92499182218392,51.0278772538441],[3.92449745567008,51.0277158962986],[3.92381091275741,51.0275470200156],[3.92353287623269,51.0272700776449],[3.92373358842761,51.0266617678484],[3.92427030505869,51.0259526320862],[3.92225825536838,51.0252718629615],[3.92082892433658,51.0248200954258],[3.91942598296694,51.0241754268192],[3.91811065892582,51.0234911381041],[3.91727477601891,51.0228603655885],[3.91786445099994,51.0224178934981],[3.91815060674865,51.0225641608774],[3.91934660017761,51.020958264841],[3.91910665947221,51.0207591361217],[3.91866646248104,51.020666659631],[3.91764549677189,51.0204111018464],[3.91682821060798,51.0200932074714],[3.9163067799623,51.0196071384063],[3.91725187955479,51.0185407976743],[3.9177041801861,51.0178160121923],[3.91802515704446,51.0169523188113],[3.91982857551816,51.017144740666],[3.92144205554485,51.0171434170677],[3.92237212226162,51.0170849539808],[3.92336244567933,51.0168318596783],[3.92220471146913,51.0149759344088],[3.92182051439186,51.0142208967902],[3.92151670242743,51.0127319174554],[3.92018899967943,51.0127565202727],[3.91636709178562,51.011163876861],[3.91661251497361,51.0109464922156],[3.9180007733497,51.0115627030364],[3.91634571996824,51.0100795052916],[3.91636973473545,51.0094558378914],[3.91584722190898,51.0085067376078],[3.91573882859371,51.0081915138786],[3.91741444486008,51.007967738099],[3.91735171368647,51.0069298045966],[3.91724145714406,51.0062696248737],[3.91686620584427,51.005637850007],[3.91664941350787,51.0051864914432],[3.9168795353733,51.0047047513505],[3.91745169481887,51.0038596038975],[3.91800064620798,51.0031087125372],[3.91837142225579,51.0022547962736],[3.918193876975,51.001452382507],[3.91744772755593,51.0005385912513],[3.91683480790251,50.9996426495741],[3.91672548780398,50.999059639866],[3.91692278658017,50.9987615635081],[3.9176231446783,50.998571582385],[3.91802265793672,50.9985649775711],[3.91854194630938,50.9990678431913],[3.91902081285933,50.9993915407671],[3.91952785109512,50.9993482768611],[3.92015797916503,50.9990603925544],[3.92133381895266,50.9989232700704],[3.9223873918386,50.9987733840302],[3.92267004637353,50.9990081485298],[3.92850626541657,50.9991308009754],[3.93168903017281,50.9984806774121],[3.93266025842722,50.9987802387851],[3.9350174961306,50.9970681521544],[3.93296566731709,50.9960666820956],[3.93334437604588,50.9952502711396],[3.93323230472842,50.9950358165097],[3.93364747462642,50.9939022444321],[3.93334251063936,50.993630527299],[3.93380341200039,50.9933904755839],[3.93429730449257,50.9924355523013],[3.93499086529505,50.9924358096193],[3.93640291791297,50.9926897645183],[3.93707671619799,50.9930733278268],[3.93839471018478,50.9931099981805],[3.93896755718979,50.9924626121125],[3.93953609643765,50.9929835080713],[3.94303867745135,50.991531876738],[3.94512968277768,50.9904129250103],[3.94759521096986,50.9890778343046],[3.94655011571422,50.9882039296055],[3.94625447164048,50.9876179265043],[3.94712320801352,50.9871815468951],[3.9476680173683,50.9872403583837],[3.95031378461076,50.9870255113932],[3.95119074702989,50.9870931834878],[3.95212912338142,50.9868095745337],[3.95303773158855,50.9870556229776],[3.95379259421394,50.9869573412068],[3.9544396512269,50.9868272872657],[3.95552495583512,50.9871271764827],[3.95685853412893,50.9877624873709],[3.95781396977271,50.9880149898183],[3.95820816511319,50.9882661235297],[3.95813646181897,50.9896424700979],[3.9574790846679,50.9917360703622],[3.95670773114791,50.9925759203837],[3.95632214152897,50.9937805856647],[3.95869243470376,50.9949573754072],[3.95847221609547,50.9951087121209],[3.95862377394575,50.9953124593388],[3.95849601363407,50.9955833770333],[3.95823602809689,50.9958082022857],[3.95812019577216,50.9960324075064],[3.95792639716106,50.996716274014],[3.95760537426041,50.9974455513568],[3.95779847246936,50.9977937161612],[3.95789417173614,50.9981559588933],[3.95758076464792,50.9983431000891],[3.95719114868522,50.9982787045998],[3.95692030516182,50.998590019492],[3.95662484034632,50.9988928409975],[3.95597088565591,50.9989025739446],[3.95566580154936,50.9991010640968],[3.956122655432,50.999432981882],[3.9567872176698,50.9995138216816],[3.9564452683957,50.999779175706],[3.95626869336484,50.99989318976],[3.95651101644252,51.0000916372278],[3.95669342393782,51.0002298558008],[3.956799108589,51.0005156372286],[3.95660810806918,51.0008696303957],[3.95648187925239,51.0010989197163],[3.95649231824042,51.0014232040186],[3.95650428278242,51.0016806928859],[3.95660358110117,51.0018882607357],[3.95661728690737,51.0021700763798],[3.95655764557256,51.0024277895918],[3.95659770599029,51.0026965828418],[3.95671207566818,51.0029449851687],[3.95670443575679,51.0032366514402],[3.95661233697094,51.0035729092441],[3.95649343585858,51.0037625576889],[3.9562119414101,51.0038091941605],[3.95595115651933,51.0036942123486],[3.955714203124,51.0035566769075],[3.95546873821071,51.0035809364157],[3.95542330688948,51.0037264333687],[3.95560145719549,51.0039553200886],[3.95570583855581,51.0041823910992],[3.95555401643937,51.0044493921815],[3.95536389455353,51.0046458877404],[3.95535496109814,51.004754169599],[3.95553773567268,51.0047278960124],[3.95570337790639,51.0045307217919],[3.95583453082722,51.004402462686],[3.95599290589373,51.0043678422941],[3.95615539527956,51.0044880950589],[3.95625854233634,51.0046842202601],[3.95661770174633,51.004855623895],[3.95689263721925,51.0051020613749],[3.95688870070887,51.0054422928352],[3.95681042646652,51.005734303605],[3.95683131705812,51.0061055209859],[3.95672702824892,51.0063346740985],[3.95745861185775,51.0071116011378],[3.95818197875059,51.0076551671974],[3.95893943488103,51.0082439365887],[3.95953557244651,51.0086071179313],[3.96060530801219,51.0100473931324],[3.96031506008923,51.0100950275275],[3.96006072804004,51.0097849715845],[3.95817193625323,51.01103939749],[3.9581206973583,51.0116625708546],[3.95711369314955,51.0118670088285],[3.95707813305346,51.011744261556]]]}}]}